item_id,dropped_by,gear_slot,gear_type,name,bind,item_level,primary_stats,required_level,secondary_stats,sell_price,unique,spec_ids,spec_names
221040,Stormguard Gorren,Waist,Plate,Lightning-Conductor's Bands,Soulbound,437,{},68,"{'Haste': 249, 'Mastery': 385}","26 gold, 20 silver, 96 copper",False,"65, 66, 70, 71, 72, 73, 250, 251, 252","Holy Paladin, Protection Paladin, Retribution Paladin, Arms Warrior, Fury Warrior, Protection Warrior, Blood Death Knight, Frost Death Knight, Unholy Death Knight"
221142,Anub'ikkaj,Wrist,Leather,Scheming Assailer's Bands,Soulbound,437,{},68,"{'Critical Strike': 197, 'Haste': 279}","27 gold, 9 silver, 38 copper",False,"102, 103, 104, 105, 259, 260, 261, 268, 269, 270, 577, 581","Balance Druid, Feral Druid, Guardian Druid, Restoration Druid, Assassination Rogue, Outlaw Rogue, Subtlety Rogue, Brewmaster Monk, Windwalker Monk, Mistweaver Monk, Havoc Demon Hunter, Vengeance Demon Hunter"
221170,Orator Krix'vizk,Hands,Cloth,Subduer's Terrorgrips,Soulbound,437,{'Intellect': 433},68,"{'Critical Strike': 412, 'Versatility': 222}","25 gold, 91 silver, 40 copper",False,"62, 63, 64, 256, 257, 258, 265, 266, 267","Arcane Mage, Fire Mage, Frost Mage, Discipline Priest, Holy Priest, Shadow Priest, Affliction Warlock, Demonology Warlock, Destruction Warlock"
221110,The Darkness,One-Hand,Dagger,Crepuscular Carver,Soulbound,437,{'Agility': 289},68,"{'Haste': 157, 'Mastery': 266}","79 gold, 21 silver, 84 copper",False,"259, 261","Assassination Rogue, Subtlety Rogue"
221071,Goldie Baronbottom,Feet,Leather,Backbreaking Bootstrappers,Soulbound,437,{},68,"{'Haste': 222, 'Mastery': 412}","37 gold, 69 silver, 65 copper",False,"102, 103, 104, 105, 259, 260, 261, 268, 269, 270, 577, 581","Balance Druid, Feral Druid, Guardian Druid, Restoration Druid, Assassination Rogue, Outlaw Rogue, Subtlety Rogue, Brewmaster Monk, Windwalker Monk, Mistweaver Monk, Havoc Demon Hunter, Vengeance Demon Hunter"
221057,I'pa,Two-Hand,Staff,Sticky Stirring Stick,Soulbound,437,{'Agility': 578},68,"{'Critical Strike': 332, 'Haste': 514}","92 gold, 2 silver, 49 copper",False,"103, 104, 255, 268, 269","Feral Druid, Guardian Druid, Survival Hunter, Brewmaster Monk, Windwalker Monk"
221058,I'pa,Waist,Leather,Brewery Toiler's Waistband,Soulbound,437,{},68,"{'Haste': 222, 'Versatility': 412}","26 gold, 1 silver, 26 copper",False,"102, 103, 104, 105, 259, 260, 261, 268, 269, 270, 577, 581","Balance Druid, Feral Druid, Guardian Druid, Restoration Druid, Assassination Rogue, Outlaw Rogue, Subtlety Rogue, Brewmaster Monk, Windwalker Monk, Mistweaver Monk, Havoc Demon Hunter, Vengeance Demon Hunter"
221085,Speaker Dorlita,Two-Hand,Staff,Melodious Iron Songspire,Soulbound,437,{},68,"{'Haste': 296, 'Mastery': 550}","97 gold, 30 silver, 19 copper",False,"62, 63, 64, 102, 105, 256, 257, 258, 262, 264, 265, 266, 267, 270, 1467, 1468, 1473","Arcane Mage, Fire Mage, Frost Mage, Balance Druid, Restoration Druid, Discipline Priest, Holy Priest, Shadow Priest, Elemental Shaman, Restoration Shaman, Affliction Warlock, Demonology Warlock, Destruction Warlock, Mistweaver Monk, Devastation Evoker, Preservation Evoker, Augmentation Evoker"
221095,Void Speaker Eirich,Chest,Cloth,Shadowed Orator's Tunic,Soulbound,437,{'Intellect': 578},68,"{'Haste': 350, 'Versatility': 496}","51 gold, 13 silver, 11 copper",False,"62, 63, 64, 256, 257, 258, 265, 266, 267","Arcane Mage, Fire Mage, Frost Mage, Discipline Priest, Holy Priest, Shadow Priest, Affliction Warlock, Demonology Warlock, Destruction Warlock"
221118,Captain Dailcry,Wrist,Plate,Flameforged Armguard,Soulbound,437,{},68,"{'Critical Strike': 299, 'Haste': 177}","26 gold, 70 silver, 76 copper",False,"65, 66, 70, 71, 72, 73, 250, 251, 252","Holy Paladin, Protection Paladin, Retribution Paladin, Arms Warrior, Fury Warrior, Protection Warrior, Blood Death Knight, Frost Death Knight, Unholy Death Knight"
219302,Speaker Dorlita,Trinket,,Scrapsinger's Symphony,Soulbound,437,{'Intellect': 549},68,{},"47 gold, 53 silver, 7 copper",True,"62, 63, 64, 65, 102, 105, 256, 257, 258, 262, 264, 265, 266, 267, 270, 1467, 1468, 1473","Arcane Mage, Fire Mage, Frost Mage, Holy Paladin, Balance Druid, Restoration Druid, Discipline Priest, Holy Priest, Shadow Priest, Elemental Shaman, Restoration Shaman, Affliction Warlock, Demonology Warlock, Destruction Warlock, Mistweaver Monk, Devastation Evoker, Preservation Evoker, Augmentation Evoker"
221116,Captain Dailcry,Two-Hand,Polearm,Glorious Defender's Poleaxe,Soulbound,437,{'Agility': 578},68,"{'Haste': 332, 'Mastery': 514}","94 gold, 14 silver, 33 copper",False,"103, 104, 255, 268, 269","Feral Druid, Guardian Druid, Survival Hunter, Brewmaster Monk, Windwalker Monk"
221121,Captain Dailcry,Waist,Cloth,Honorbound Retainer's Sash,Soulbound,437,{'Intellect': 433},68,"{'Critical Strike': 263, 'Mastery': 372}","27 gold, 0 silver, 6 copper",False,"62, 63, 64, 256, 257, 258, 265, 266, 267","Arcane Mage, Fire Mage, Frost Mage, Discipline Priest, Holy Priest, Shadow Priest, Affliction Warlock, Demonology Warlock, Destruction Warlock"
221127,Prioress Murrpray,Two-Hand,Sword,Emberbrand Zweihander,Soulbound,437,{'Strength': 578},68,"{'Haste': 532, 'Versatility': 314}","97 gold, 96 silver, 39 copper",False,"70, 71, 72, 250, 251, 252","Retribution Paladin, Arms Warrior, Fury Warrior, Blood Death Knight, Frost Death Knight, Unholy Death Knight"
221197,Voidstone Monstrosity,Finger,,Hoop of the Blighted,Soulbound,437,{},68,"{'Critical Strike': 53, 'Mastery': 702}","34 gold, 12 silver, 69 copper",True,"250, 251, 252, 577, 581, 102, 103, 104, 105, 1467, 1468, 1473, 253, 254, 255, 62, 63, 64, 268, 270, 269, 65, 66, 70, 256, 257, 258, 259, 260, 261, 262, 263, 264, 265, 266, 267, 71, 72, 73","Blood Death Knight, Frost Death Knight, Unholy Death Knight, Havoc Demon Hunter, Vengeance Demon Hunter, Balance Druid, Feral Druid, Guardian Druid, Restoration Druid, Devastation Evoker, Preservation Evoker, Augmentation Evoker, Beast Mastery Hunter, Marksmanship Hunter, Survival Hunter, Arcane Mage, Fire Mage, Frost Mage, Brewmaster Monk, Mistweaver Monk, Windwalker Monk, Holy Paladin, Protection Paladin, Retribution Paladin, Discipline Priest, Holy Priest, Shadow Priest, Assassination Rogue, Outlaw Rogue, Subtlety Rogue, Elemental Shaman, Enhancement Shaman, Restoration Shaman, Affliction Warlock, Demonology Warlock, Destruction Warlock, Arms Warrior, Fury Warrior, Protection Warrior"
219299,Goldie Baronbottom,Trinket,,Synergistic Brewterializer,Soulbound,437,{'Intellect': 549},68,{},"47 gold, 3 silver, 14 copper",True,"62, 63, 64, 65, 102, 105, 256, 257, 258, 262, 264, 265, 266, 267, 270, 1467, 1468, 1473","Arcane Mage, Fire Mage, Frost Mage, Holy Paladin, Balance Druid, Restoration Druid, Discipline Priest, Holy Priest, Shadow Priest, Elemental Shaman, Restoration Shaman, Affliction Warlock, Demonology Warlock, Destruction Warlock, Mistweaver Monk, Devastation Evoker, Preservation Evoker, Augmentation Evoker"
221103,Blazikon,Neck,,Flickering Glowtorc,Soulbound,437,{},68,"{'Critical Strike': 178, 'Versatility': 576}","23 gold, 18 silver, 20 copper",False,"250, 251, 252, 577, 581, 102, 103, 104, 105, 1467, 1468, 1473, 253, 254, 255, 62, 63, 64, 268, 270, 269, 65, 66, 70, 256, 257, 258, 259, 260, 261, 262, 263, 264, 265, 266, 267, 71, 72, 73","Blood Death Knight, Frost Death Knight, Unholy Death Knight, Havoc Demon Hunter, Vengeance Demon Hunter, Balance Druid, Feral Druid, Guardian Druid, Restoration Druid, Devastation Evoker, Preservation Evoker, Augmentation Evoker, Beast Mastery Hunter, Marksmanship Hunter, Survival Hunter, Arcane Mage, Fire Mage, Frost Mage, Brewmaster Monk, Mistweaver Monk, Windwalker Monk, Holy Paladin, Protection Paladin, Retribution Paladin, Discipline Priest, Holy Priest, Shadow Priest, Assassination Rogue, Outlaw Rogue, Subtlety Rogue, Elemental Shaman, Enhancement Shaman, Restoration Shaman, Affliction Warlock, Demonology Warlock, Destruction Warlock, Arms Warrior, Fury Warrior, Protection Warrior"
221069,Goldie Baronbottom,Chest,Plate,Slashproof Business Plate,Soulbound,437,{},68,"{'Critical Strike': 314, 'Haste': 532}","55 gold, 27 silver, 25 copper",False,"65, 66, 70, 71, 72, 73, 250, 251, 252","Holy Paladin, Protection Paladin, Retribution Paladin, Arms Warrior, Fury Warrior, Protection Warrior, Blood Death Knight, Frost Death Knight, Unholy Death Knight"
221053,Brew Master Aldryr,Wrist,Leather,Battle-Scarred Fisticuffs,Soulbound,437,{},68,"{'Haste': 177, 'Mastery': 299}","25 gold, 52 silver, 26 copper",False,"102, 103, 104, 105, 259, 260, 261, 268, 269, 270, 577, 581","Balance Druid, Feral Druid, Guardian Druid, Restoration Druid, Assassination Rogue, Outlaw Rogue, Subtlety Rogue, Brewmaster Monk, Windwalker Monk, Mistweaver Monk, Havoc Demon Hunter, Vengeance Demon Hunter"
221041,Stormguard Gorren,Chest,Mail,Boltbreaker Armor,Soulbound,437,{},68,"{'Critical Strike': 514, 'Mastery': 332}","52 gold, 31 silver, 74 copper",False,"253, 254, 255, 262, 263, 264, 1467, 1468, 1473","Beast Mastery Hunter, Marksmanship Hunter, Survival Hunter, Elemental Shaman, Enhancement Shaman, Restoration Shaman, Devastation Evoker, Preservation Evoker, Augmentation Evoker"
219298,Benk Buzzbee,Trinket,,Ravenous Honey Buzzer,Soulbound,437,{},68,{},"46 gold, 86 silver, 35 copper",True,"66, 70, 71, 72, 73, 103, 104, 250, 251, 252, 253, 254, 255, 259, 260, 261, 263, 268, 269, 577, 581","Protection Paladin, Retribution Paladin, Arms Warrior, Fury Warrior, Protection Warrior, Feral Druid, Guardian Druid, Blood Death Knight, Frost Death Knight, Unholy Death Knight, Beast Mastery Hunter, Marksmanship Hunter, Survival Hunter, Assassination Rogue, Outlaw Rogue, Subtlety Rogue, Enhancement Shaman, Brewmaster Monk, Windwalker Monk, Havoc Demon Hunter, Vengeance Demon Hunter"
221104,Blazikon,Wrist,Cloth,Gleamwax Shackles,Soulbound,437,{'Intellect': 325},68,"{'Critical Strike': 167, 'Mastery': 309}","27 gold, 29 silver, 61 copper",False,"62, 63, 64, 256, 257, 258, 265, 266, 267","Arcane Mage, Fire Mage, Frost Mage, Discipline Priest, Holy Priest, Shadow Priest, Affliction Warlock, Demonology Warlock, Destruction Warlock"
221165,Ki'katal the Harvester,One-Hand,Dagger,Unceremonious Bloodletter,Soulbound,437,{},68,"{'Critical Strike': 157, 'Haste': 266}","72 gold, 22 silver, 79 copper",False,"62, 63, 64, 102, 105, 256, 257, 258, 262, 264, 265, 266, 267, 1467, 1468, 1473","Arcane Mage, Fire Mage, Frost Mage, Balance Druid, Restoration Druid, Discipline Priest, Holy Priest, Shadow Priest, Elemental Shaman, Restoration Shaman, Affliction Warlock, Demonology Warlock, Destruction Warlock, Devastation Evoker, Preservation Evoker, Augmentation Evoker"
219295,Stormguard Gorren,Trinket,,Sigil of Algari Concordance,Soulbound,437,{},68,{},"45 gold, 16 silver, 12 copper",True,"250, 251, 252, 577, 581, 102, 103, 104, 105, 1467, 1468, 1473, 253, 254, 255, 62, 63, 64, 268, 270, 269, 65, 66, 70, 256, 257, 258, 259, 260, 261, 262, 263, 264, 265, 266, 267, 71, 72, 73","Blood Death Knight, Frost Death Knight, Unholy Death Knight, Havoc Demon Hunter, Vengeance Demon Hunter, Balance Druid, Feral Druid, Guardian Druid, Restoration Druid, Devastation Evoker, Preservation Evoker, Augmentation Evoker, Beast Mastery Hunter, Marksmanship Hunter, Survival Hunter, Arcane Mage, Fire Mage, Frost Mage, Brewmaster Monk, Mistweaver Monk, Windwalker Monk, Holy Paladin, Protection Paladin, Retribution Paladin, Discipline Priest, Holy Priest, Shadow Priest, Assassination Rogue, Outlaw Rogue, Subtlety Rogue, Elemental Shaman, Enhancement Shaman, Restoration Shaman, Affliction Warlock, Demonology Warlock, Destruction Warlock, Arms Warrior, Fury Warrior, Protection Warrior"
221106,The Candle King,Feet,Mail,Gloomstomper's Sabatons,Soulbound,437,{},68,"{'Haste': 236, 'Mastery': 399}","40 gold, 92 silver, 74 copper",False,"253, 254, 255, 262, 263, 264, 1467, 1468, 1473","Beast Mastery Hunter, Marksmanship Hunter, Survival Hunter, Elemental Shaman, Enhancement Shaman, Restoration Shaman, Devastation Evoker, Preservation Evoker, Augmentation Evoker"
221157,Anub'zekt,Wrist,Leather,Unbreakable Beetlebane Bindings,Soulbound,437,{},68,"{'Critical Strike': 289, 'Mastery': 187}","26 gold, 60 silver, 11 copper",False,"102, 103, 104, 105, 259, 260, 261, 268, 269, 270, 577, 581","Balance Druid, Feral Druid, Guardian Druid, Restoration Druid, Assassination Rogue, Outlaw Rogue, Subtlety Rogue, Brewmaster Monk, Windwalker Monk, Mistweaver Monk, Havoc Demon Hunter, Vengeance Demon Hunter"
221126,Baron Braunpyke,Chest,Cloth,Zealous Warden's Raiment,Soulbound,437,{'Intellect': 578},68,"{'Critical Strike': 332, 'Versatility': 514}","54 gold, 66 silver, 88 copper",False,"62, 63, 64, 256, 257, 258, 265, 266, 267","Arcane Mage, Fire Mage, Frost Mage, Discipline Priest, Holy Priest, Shadow Priest, Affliction Warlock, Demonology Warlock, Destruction Warlock"
221051,Brew Master Aldryr,One-Hand,Mace,Crusher of the Unsettled,Soulbound,437,{'Agility': 289},68,"{'Haste': 175, 'Mastery': 248}","71 gold, 95 silver, 55 copper",False,"260, 263, 268, 269","Outlaw Rogue, Enhancement Shaman, Brewmaster Monk, Windwalker Monk"
221164,Ki'katal the Harvester,Legs,Cloth,Archaic Venomancer's Footwraps,Soulbound,437,{'Intellect': 578},68,"{'Critical Strike': 296, 'Haste': 550}","50 gold, 36 silver, 85 copper",False,"62, 63, 64, 256, 257, 258, 265, 266, 267","Arcane Mage, Fire Mage, Frost Mage, Discipline Priest, Holy Priest, Shadow Priest, Affliction Warlock, Demonology Warlock, Destruction Warlock"
221162,Ki'katal the Harvester,Hands,Mail,Claws of Tainted Ichor,Soulbound,437,{},68,"{'Haste': 236, 'Versatility': 399}","27 gold, 79 silver, 68 copper",False,"253, 254, 255, 262, 263, 264, 1467, 1468, 1473","Beast Mastery Hunter, Marksmanship Hunter, Survival Hunter, Elemental Shaman, Enhancement Shaman, Restoration Shaman, Devastation Evoker, Preservation Evoker, Augmentation Evoker"
221105,The Candle King,One-Hand,Axe,Dark Zone Headtaker,Soulbound,437,{},68,"{'Critical Strike': 148, 'Mastery': 275}","77 gold, 82 silver, 64 copper",False,"65, 262, 264, 270, 1467, 1468, 1473","Holy Paladin, Elemental Shaman, Restoration Shaman, Mistweaver Monk, Devastation Evoker, Preservation Evoker, Augmentation Evoker"
221179,The Coaglamation,Chest,Mail,Coagulum Cuirass,Soulbound,437,{},68,"{'Mastery': 550, 'Versatility': 296}","54 gold, 68 silver, 99 copper",False,"253, 254, 255, 262, 263, 264, 1467, 1468, 1473","Beast Mastery Hunter, Marksmanship Hunter, Survival Hunter, Elemental Shaman, Enhancement Shaman, Restoration Shaman, Devastation Evoker, Preservation Evoker, Augmentation Evoker"
219321,"Izo, the Grand Splicer",Trinket,,Cirral Concoctory,Soulbound,437,{'Intellect': 549},68,{},"47 gold, 35 silver, 83 copper",True,"62, 63, 64, 65, 102, 105, 256, 257, 258, 262, 264, 265, 266, 267, 270, 1467, 1468, 1473","Arcane Mage, Fire Mage, Frost Mage, Holy Paladin, Balance Druid, Restoration Druid, Discipline Priest, Holy Priest, Shadow Priest, Elemental Shaman, Restoration Shaman, Affliction Warlock, Demonology Warlock, Destruction Warlock, Mistweaver Monk, Devastation Evoker, Preservation Evoker, Augmentation Evoker"
221044,Voidstone Monstrosity,One-Hand,Dagger,Shadowskean of the Colossus,Soulbound,437,{'Agility': 289},68,"{'Mastery': 175, 'Versatility': 248}","75 gold, 57 silver, 18 copper",False,"259, 261","Assassination Rogue, Subtlety Rogue"
219311,Speaker Shadowcrown,Trinket,,Void Pactstone,Soulbound,437,{'Strength': 549},68,{},"44 gold, 48 silver, 94 copper",True,"66, 70, 71, 72, 73, 250, 251, 252","Protection Paladin, Retribution Paladin, Arms Warrior, Fury Warrior, Protection Warrior, Blood Death Knight, Frost Death Knight, Unholy Death Knight"
221180,The Coaglamation,Hands,Leather,Gorebound Stranglers,Soulbound,437,{},68,"{'Critical Strike': 263, 'Haste': 372}","27 gold, 59 silver, 71 copper",False,"102, 103, 104, 105, 259, 260, 261, 268, 269, 270, 577, 581","Balance Druid, Feral Druid, Guardian Druid, Restoration Druid, Assassination Rogue, Outlaw Rogue, Subtlety Rogue, Brewmaster Monk, Windwalker Monk, Mistweaver Monk, Havoc Demon Hunter, Vengeance Demon Hunter"
221050,Voidstone Monstrosity,Legs,Cloth,Ancient Hardened Legwraps,Soulbound,437,{'Intellect': 578},68,"{'Critical Strike': 296, 'Haste': 550}","55 gold, 47 silver, 37 copper",False,"62, 63, 64, 256, 257, 258, 265, 266, 267","Arcane Mage, Fire Mage, Frost Mage, Discipline Priest, Holy Priest, Shadow Priest, Affliction Warlock, Demonology Warlock, Destruction Warlock"
221134,Speaker Shadowcrown,Waist,Leather,Shadow Congregant's Belt,Soulbound,437,{},68,"{'Critical Strike': 399, 'Mastery': 236}","26 gold, 31 silver, 35 copper",False,"102, 103, 104, 105, 259, 260, 261, 268, 269, 270, 577, 581","Balance Druid, Feral Druid, Guardian Druid, Restoration Druid, Assassination Rogue, Outlaw Rogue, Subtlety Rogue, Brewmaster Monk, Windwalker Monk, Mistweaver Monk, Havoc Demon Hunter, Vengeance Demon Hunter"
221036,Kyrioss,Hands,Leather,Tempestwind Handlers,Soulbound,437,{},68,"{'Critical Strike': 236, 'Mastery': 399}","25 gold, 82 silver, 8 copper",False,"102, 103, 104, 105, 259, 260, 261, 268, 269, 270, 577, 581","Balance Druid, Feral Druid, Guardian Druid, Restoration Druid, Assassination Rogue, Outlaw Rogue, Subtlety Rogue, Brewmaster Monk, Windwalker Monk, Mistweaver Monk, Havoc Demon Hunter, Vengeance Demon Hunter"
219300,Skarmorak,Trinket,,Skarmorak Shard,Soulbound,437,{'Strength': 549},68,{},"47 gold, 19 silver, 94 copper",True,"66, 70, 71, 72, 73, 250, 251, 252","Protection Paladin, Retribution Paladin, Arms Warrior, Fury Warrior, Protection Warrior, Blood Death Knight, Frost Death Knight, Unholy Death Knight"
221173,Nx,Legs,Plate,Legplates of Duality,Soulbound,437,{},68,"{'Haste': 332, 'Mastery': 514}","52 gold, 11 silver, 62 copper",False,"65, 66, 70, 71, 72, 73, 250, 251, 252","Holy Paladin, Protection Paladin, Retribution Paladin, Arms Warrior, Fury Warrior, Protection Warrior, Blood Death Knight, Frost Death Knight, Unholy Death Knight"
221155,Anub'zekt,Shoulder,Plate,Swarm Monarch's Spaulders,Soulbound,437,{},68,"{'Mastery': 263, 'Versatility': 372}","39 gold, 31 silver, 0 copper",False,"65, 66, 70, 71, 72, 73, 250, 251, 252","Holy Paladin, Protection Paladin, Retribution Paladin, Arms Warrior, Fury Warrior, Protection Warrior, Blood Death Knight, Frost Death Knight, Unholy Death Knight"
221043,Stormguard Gorren,Feet,Cloth,Cloudstrider Soles,Soulbound,437,{'Intellect': 433},68,"{'Critical Strike': 412, 'Haste': 222}","39 gold, 45 silver, 67 copper",False,"62, 63, 64, 256, 257, 258, 265, 266, 267","Arcane Mage, Fire Mage, Frost Mage, Discipline Priest, Holy Priest, Shadow Priest, Affliction Warlock, Demonology Warlock, Destruction Warlock"
221115,The Darkness,Shoulder,Cloth,Photophobic Amice,Soulbound,437,{'Intellect': 433},68,"{'Mastery': 249, 'Versatility': 385}","39 gold, 32 silver, 19 copper",False,"62, 63, 64, 256, 257, 258, 265, 266, 267","Arcane Mage, Fire Mage, Frost Mage, Discipline Priest, Holy Priest, Shadow Priest, Affliction Warlock, Demonology Warlock, Destruction Warlock"
221033,Kyrioss,One-Hand,Axe,Hyperactive Stormclaw,Soulbound,437,{'Agility': 289},68,"{'Haste': 175, 'Versatility': 248}","72 gold, 51 silver, 54 copper",False,"260, 263, 268, 269, 577, 581","Outlaw Rogue, Enhancement Shaman, Brewmaster Monk, Windwalker Monk, Havoc Demon Hunter, Vengeance Demon Hunter"
221094,Void Speaker Eirich,Shoulder,Leather,Whispering Umbral Mantle,Soulbound,437,{},68,"{'Critical Strike': 412, 'Versatility': 222}","38 gold, 12 silver, 86 copper",False,"102, 103, 104, 105, 259, 260, 261, 268, 269, 270, 577, 581","Balance Druid, Feral Druid, Guardian Druid, Restoration Druid, Assassination Rogue, Outlaw Rogue, Subtlety Rogue, Brewmaster Monk, Windwalker Monk, Mistweaver Monk, Havoc Demon Hunter, Vengeance Demon Hunter"
221129,Prioress Murrpray,Legs,Mail,Divine Pyrewalkers,Soulbound,437,{},68,"{'Critical Strike': 496, 'Versatility': 350}","51 gold, 35 silver, 36 copper",False,"253, 254, 255, 262, 263, 264, 1467, 1468, 1473","Beast Mastery Hunter, Marksmanship Hunter, Survival Hunter, Elemental Shaman, Enhancement Shaman, Restoration Shaman, Devastation Evoker, Preservation Evoker, Augmentation Evoker"
221163,Ki'katal the Harvester,Head,Leather,Whispering Mask,Soulbound,437,{},68,"{'Mastery': 532, 'Versatility': 314}","41 gold, 52 silver, 60 copper",False,"102, 103, 104, 105, 259, 260, 261, 268, 269, 270, 577, 581","Balance Druid, Feral Druid, Guardian Druid, Restoration Druid, Assassination Rogue, Outlaw Rogue, Subtlety Rogue, Brewmaster Monk, Windwalker Monk, Mistweaver Monk, Havoc Demon Hunter, Vengeance Demon Hunter"
221111,The Darkness,Two-Hand,Polearm,Poleaxe of Somber Fate,Soulbound,437,{'Strength': 578},68,"{'Haste': 332, 'Mastery': 514}","89 gold, 90 silver, 66 copper",False,"70, 71, 72, 250, 251, 252","Retribution Paladin, Arms Warrior, Fury Warrior, Blood Death Knight, Frost Death Knight, Unholy Death Knight"
221119,Captain Dailcry,Hands,Mail,Holybound Grips,Soulbound,437,{},68,"{'Haste': 412, 'Versatility': 222}","26 gold, 80 silver, 61 copper",False,"253, 254, 255, 262, 263, 264, 1467, 1468, 1473","Beast Mastery Hunter, Marksmanship Hunter, Survival Hunter, Elemental Shaman, Enhancement Shaman, Restoration Shaman, Devastation Evoker, Preservation Evoker, Augmentation Evoker"
221092,Void Speaker Eirich,Legs,Plate,Legplates of Broken Trust,Soulbound,437,{},68,"{'Critical Strike': 296, 'Mastery': 550}","50 gold, 54 silver, 86 copper",False,"65, 66, 70, 71, 72, 73, 250, 251, 252","Holy Paladin, Protection Paladin, Retribution Paladin, Arms Warrior, Fury Warrior, Protection Warrior, Blood Death Knight, Frost Death Knight, Unholy Death Knight"
221046,Voidstone Monstrosity,One-Hand,Mace,Behemoth Kneebender,Soulbound,437,{'Strength': 289},68,"{'Mastery': 275, 'Versatility': 148}","76 gold, 13 silver, 17 copper",False,"66, 72, 73, 251","Protection Paladin, Fury Warrior, Protection Warrior, Frost Death Knight"
221114,The Darkness,Legs,Leather,Shadowspawn Leggings,Soulbound,437,{},68,"{'Critical Strike': 350, 'Haste': 496}","52 gold, 33 silver, 33 copper",False,"102, 103, 104, 105, 259, 260, 261, 268, 269, 270, 577, 581","Balance Druid, Feral Druid, Guardian Druid, Restoration Druid, Assassination Rogue, Outlaw Rogue, Subtlety Rogue, Brewmaster Monk, Windwalker Monk, Mistweaver Monk, Havoc Demon Hunter, Vengeance Demon Hunter"
221130,Prioress Murrpray,Chest,Leather,Seraphic Legwraps of the Ordained,Soulbound,437,{},68,"{'Haste': 332, 'Versatility': 514}","51 gold, 54 silver, 95 copper",False,"102, 103, 104, 105, 259, 260, 261, 268, 269, 270, 577, 581","Balance Druid, Feral Druid, Guardian Druid, Restoration Druid, Assassination Rogue, Outlaw Rogue, Subtlety Rogue, Brewmaster Monk, Windwalker Monk, Mistweaver Monk, Havoc Demon Hunter, Vengeance Demon Hunter"
221096,Ol' Waxbeard,One-Hand,Axe,Rail Rider's Bisector,Soulbound,437,{'Strength': 289},68,"{'Critical Strike': 175, 'Haste': 248}","73 gold, 32 silver, 49 copper",False,"66, 72, 73, 251","Protection Paladin, Fury Warrior, Protection Warrior, Frost Death Knight"
221117,Captain Dailcry,Off Hand,Shield,Sanctified Priory Wall,Soulbound,437,"{'Strength': 289, 'Intellect': 886}",68,"{'Critical Strike': 166, 'Versatility': 257}","48 gold, 38 silver, 2 copper",False,"65, 66, 73, 262, 264","Holy Paladin, Protection Paladin, Protection Warrior, Elemental Shaman, Restoration Shaman"
221136,Speaker Shadowcrown,Finger,,Devout Zealot's Ring,Soulbound,437,{},68,"{'Critical Strike': 203, 'Haste': 551}","33 gold, 13 silver, 49 copper",True,"250, 251, 252, 577, 581, 102, 103, 104, 105, 1467, 1468, 1473, 253, 254, 255, 62, 63, 64, 268, 270, 269, 65, 66, 70, 256, 257, 258, 259, 260, 261, 262, 263, 264, 265, 266, 267, 71, 72, 73","Blood Death Knight, Frost Death Knight, Unholy Death Knight, Havoc Demon Hunter, Vengeance Demon Hunter, Balance Druid, Feral Druid, Guardian Druid, Restoration Druid, Devastation Evoker, Preservation Evoker, Augmentation Evoker, Beast Mastery Hunter, Marksmanship Hunter, Survival Hunter, Arcane Mage, Fire Mage, Frost Mage, Brewmaster Monk, Mistweaver Monk, Windwalker Monk, Holy Paladin, Protection Paladin, Retribution Paladin, Discipline Priest, Holy Priest, Shadow Priest, Assassination Rogue, Outlaw Rogue, Subtlety Rogue, Elemental Shaman, Enhancement Shaman, Restoration Shaman, Affliction Warlock, Demonology Warlock, Destruction Warlock, Arms Warrior, Fury Warrior, Protection Warrior"
219305,Blazikon,Trinket,,Carved Blazikon Wax,Soulbound,437,{'Intellect': 549},68,{},"43 gold, 48 silver, 62 copper",True,"62, 63, 64, 65, 102, 105, 256, 257, 258, 262, 264, 265, 266, 267, 270, 1467, 1468, 1473","Arcane Mage, Fire Mage, Frost Mage, Holy Paladin, Balance Druid, Restoration Druid, Discipline Priest, Holy Priest, Shadow Priest, Elemental Shaman, Restoration Shaman, Affliction Warlock, Demonology Warlock, Destruction Warlock, Mistweaver Monk, Devastation Evoker, Preservation Evoker, Augmentation Evoker"
221061,I'pa,Feet,Plate,Hops-Laden Greatboots,Soulbound,437,{},68,"{'Critical Strike': 249, 'Mastery': 385}","39 gold, 15 silver, 93 copper",False,"65, 66, 70, 71, 72, 73, 250, 251, 252","Holy Paladin, Protection Paladin, Retribution Paladin, Arms Warrior, Fury Warrior, Protection Warrior, Blood Death Knight, Frost Death Knight, Unholy Death Knight"
221086,Speaker Dorlita,Hands,Plate,Machinist's Searing Handguards,Soulbound,437,{},68,"{'Critical Strike': 249, 'Haste': 385}","27 gold, 49 silver, 59 copper",False,"65, 66, 70, 71, 72, 73, 250, 251, 252","Holy Paladin, Protection Paladin, Retribution Paladin, Arms Warrior, Fury Warrior, Protection Warrior, Blood Death Knight, Frost Death Knight, Unholy Death Knight"
221166,Orator Krix'vizk,Two-Hand,Staff,Krix'vizk's Speech Rod,Soulbound,437,{},68,"{'Haste': 532, 'Versatility': 314}","90 gold, 63 silver, 48 copper",False,"62, 63, 64, 102, 105, 256, 257, 258, 262, 264, 265, 266, 267, 270, 1467, 1468, 1473","Arcane Mage, Fire Mage, Frost Mage, Balance Druid, Restoration Druid, Discipline Priest, Holy Priest, Shadow Priest, Elemental Shaman, Restoration Shaman, Affliction Warlock, Demonology Warlock, Destruction Warlock, Mistweaver Monk, Devastation Evoker, Preservation Evoker, Augmentation Evoker"
219317,Ki'katal the Harvester,Trinket,,Harvester's Edict,Soulbound,437,{},68,{},"46 gold, 69 silver, 10 copper",True,"62, 63, 64, 65, 102, 103, 104, 105, 253, 254, 255, 256, 257, 258, 259, 260, 261, 262, 263, 264, 265, 266, 267, 268, 269, 270, 577, 581, 1467, 1468, 1473","Arcane Mage, Fire Mage, Frost Mage, Holy Paladin, Balance Druid, Feral Druid, Guardian Druid, Restoration Druid, Beast Mastery Hunter, Marksmanship Hunter, Survival Hunter, Discipline Priest, Holy Priest, Shadow Priest, Assassination Rogue, Outlaw Rogue, Subtlety Rogue, Elemental Shaman, Enhancement Shaman, Restoration Shaman, Affliction Warlock, Demonology Warlock, Destruction Warlock, Brewmaster Monk, Windwalker Monk, Mistweaver Monk, Havoc Demon Hunter, Vengeance Demon Hunter, Devastation Evoker, Preservation Evoker, Augmentation Evoker"
221060,I'pa,Neck,,Strapped Rescue-Keg,Soulbound,437,{},68,"{'Haste': 228, 'Mastery': 526}","22 gold, 33 silver, 55 copper",False,"250, 251, 252, 577, 581, 102, 103, 104, 105, 1467, 1468, 1473, 253, 254, 255, 62, 63, 64, 268, 270, 269, 65, 66, 70, 256, 257, 258, 259, 260, 261, 262, 263, 264, 265, 266, 267, 71, 72, 73","Blood Death Knight, Frost Death Knight, Unholy Death Knight, Havoc Demon Hunter, Vengeance Demon Hunter, Balance Druid, Feral Druid, Guardian Druid, Restoration Druid, Devastation Evoker, Preservation Evoker, Augmentation Evoker, Beast Mastery Hunter, Marksmanship Hunter, Survival Hunter, Arcane Mage, Fire Mage, Frost Mage, Brewmaster Monk, Mistweaver Monk, Windwalker Monk, Holy Paladin, Protection Paladin, Retribution Paladin, Discipline Priest, Holy Priest, Shadow Priest, Assassination Rogue, Outlaw Rogue, Subtlety Rogue, Elemental Shaman, Enhancement Shaman, Restoration Shaman, Affliction Warlock, Demonology Warlock, Destruction Warlock, Arms Warrior, Fury Warrior, Protection Warrior"
221177,The Coaglamation,Off Hand,Shield,Old-Blood Hielaman,Soulbound,437,"{'Strength': 289, 'Intellect': 886}",68,"{'Critical Strike': 148, 'Versatility': 275}","49 gold, 64 silver, 39 copper",False,"65, 66, 73, 262, 264","Holy Paladin, Protection Paladin, Protection Warrior, Elemental Shaman, Restoration Shaman"
219308,Captain Dailcry,Trinket,,Signet of the Priory,Soulbound,437,{},68,{},"43 gold, 98 silver, 56 copper",True,"250, 251, 252, 577, 581, 102, 103, 104, 105, 1467, 1468, 1473, 253, 254, 255, 62, 63, 64, 268, 270, 269, 65, 66, 70, 256, 257, 258, 259, 260, 261, 262, 263, 264, 265, 266, 267, 71, 72, 73","Blood Death Knight, Frost Death Knight, Unholy Death Knight, Havoc Demon Hunter, Vengeance Demon Hunter, Balance Druid, Feral Druid, Guardian Druid, Restoration Druid, Devastation Evoker, Preservation Evoker, Augmentation Evoker, Beast Mastery Hunter, Marksmanship Hunter, Survival Hunter, Arcane Mage, Fire Mage, Frost Mage, Brewmaster Monk, Mistweaver Monk, Windwalker Monk, Holy Paladin, Protection Paladin, Retribution Paladin, Discipline Priest, Holy Priest, Shadow Priest, Assassination Rogue, Outlaw Rogue, Subtlety Rogue, Elemental Shaman, Enhancement Shaman, Restoration Shaman, Affliction Warlock, Demonology Warlock, Destruction Warlock, Arms Warrior, Fury Warrior, Protection Warrior"
221154,Anub'zekt,Back,,Swarmcaller's Shroud,Soulbound,437,{},68,"{'Critical Strike': 177, 'Versatility': 299}","39 gold, 16 silver, 33 copper",False,"250, 251, 252, 577, 581, 102, 103, 104, 105, 1467, 1468, 1473, 253, 254, 255, 62, 63, 64, 268, 270, 269, 65, 66, 70, 256, 257, 258, 259, 260, 261, 262, 263, 264, 265, 266, 267, 71, 72, 73","Blood Death Knight, Frost Death Knight, Unholy Death Knight, Havoc Demon Hunter, Vengeance Demon Hunter, Balance Druid, Feral Druid, Guardian Druid, Restoration Druid, Devastation Evoker, Preservation Evoker, Augmentation Evoker, Beast Mastery Hunter, Marksmanship Hunter, Survival Hunter, Arcane Mage, Fire Mage, Frost Mage, Brewmaster Monk, Mistweaver Monk, Windwalker Monk, Holy Paladin, Protection Paladin, Retribution Paladin, Discipline Priest, Holy Priest, Shadow Priest, Assassination Rogue, Outlaw Rogue, Subtlety Rogue, Elemental Shaman, Enhancement Shaman, Restoration Shaman, Affliction Warlock, Demonology Warlock, Destruction Warlock, Arms Warrior, Fury Warrior, Protection Warrior"
221039,Stormguard Gorren,Ranged,Bow,Ireborne Stormbow,Soulbound,437,{'Agility': 578},68,"{'Haste': 296, 'Mastery': 550}","92 gold, 73 silver, 42 copper",False,"253, 254","Beast Mastery Hunter, Marksmanship Hunter"
221184,"Izo, the Grand Splicer",Two-Hand,Polearm,Surgical Heartstopper,Soulbound,437,{'Strength': 578},68,"{'Critical Strike': 314, 'Versatility': 532}","89 gold, 92 silver, 55 copper",False,"70, 71, 72, 250, 251, 252","Retribution Paladin, Arms Warrior, Fury Warrior, Blood Death Knight, Frost Death Knight, Unholy Death Knight"
221080,Skarmorak,Hands,Mail,Corpseleecher Grips,Soulbound,437,{},68,"{'Critical Strike': 249, 'Versatility': 385}","26 gold, 20 silver, 43 copper",False,"253, 254, 255, 262, 263, 264, 1467, 1468, 1473","Beast Mastery Hunter, Marksmanship Hunter, Survival Hunter, Elemental Shaman, Enhancement Shaman, Restoration Shaman, Devastation Evoker, Preservation Evoker, Augmentation Evoker"
221042,Stormguard Gorren,Legs,Leather,Squallrider's Kilt,Soulbound,437,{},68,"{'Critical Strike': 314, 'Versatility': 532}","52 gold, 51 silver, 34 copper",False,"102, 103, 104, 105, 259, 260, 261, 268, 269, 270, 577, 581","Balance Druid, Feral Druid, Guardian Druid, Restoration Druid, Assassination Rogue, Outlaw Rogue, Subtlety Rogue, Brewmaster Monk, Windwalker Monk, Mistweaver Monk, Havoc Demon Hunter, Vengeance Demon Hunter"
221054,Brew Master Aldryr,Back,,Chef Chewie's Towel,Soulbound,437,{},68,"{'Critical Strike': 309, 'Mastery': 167}","38 gold, 14 silver, 5 copper",False,"250, 251, 252, 577, 581, 102, 103, 104, 105, 1467, 1468, 1473, 253, 254, 255, 62, 63, 64, 268, 270, 269, 65, 66, 70, 256, 257, 258, 259, 260, 261, 262, 263, 264, 265, 266, 267, 71, 72, 73","Blood Death Knight, Frost Death Knight, Unholy Death Knight, Havoc Demon Hunter, Vengeance Demon Hunter, Balance Druid, Feral Druid, Guardian Druid, Restoration Druid, Devastation Evoker, Preservation Evoker, Augmentation Evoker, Beast Mastery Hunter, Marksmanship Hunter, Survival Hunter, Arcane Mage, Fire Mage, Frost Mage, Brewmaster Monk, Mistweaver Monk, Windwalker Monk, Holy Paladin, Protection Paladin, Retribution Paladin, Discipline Priest, Holy Priest, Shadow Priest, Assassination Rogue, Outlaw Rogue, Subtlety Rogue, Elemental Shaman, Enhancement Shaman, Restoration Shaman, Affliction Warlock, Demonology Warlock, Destruction Warlock, Arms Warrior, Fury Warrior, Protection Warrior"
221067,Benk Buzzbee,Hands,Cloth,Punctured Apiary Gloves,Soulbound,437,{'Intellect': 433},68,"{'Haste': 372, 'Mastery': 263}","27 gold, 59 silver, 71 copper",False,"62, 63, 64, 256, 257, 258, 265, 266, 267","Arcane Mage, Fire Mage, Frost Mage, Discipline Priest, Holy Priest, Shadow Priest, Affliction Warlock, Demonology Warlock, Destruction Warlock"
221100,Blazikon,Head,Plate,Waxsteel Greathelm,Soulbound,437,{},68,"{'Haste': 514, 'Versatility': 332}","40 gold, 5 silver, 53 copper",False,"65, 66, 70, 71, 72, 73, 250, 251, 252","Holy Paladin, Protection Paladin, Retribution Paladin, Arms Warrior, Fury Warrior, Protection Warrior, Blood Death Knight, Frost Death Knight, Unholy Death Knight"
219310,Prioress Murrpray,Trinket,,Bursting Lightshard,Soulbound,437,{'Intellect': 549},68,{},"44 gold, 32 silver, 15 copper",True,"62, 63, 64, 65, 102, 105, 256, 257, 258, 262, 264, 265, 266, 267, 270, 1467, 1468, 1473","Arcane Mage, Fire Mage, Frost Mage, Holy Paladin, Balance Druid, Restoration Druid, Discipline Priest, Holy Priest, Shadow Priest, Elemental Shaman, Restoration Shaman, Affliction Warlock, Demonology Warlock, Destruction Warlock, Mistweaver Monk, Devastation Evoker, Preservation Evoker, Augmentation Evoker"
221139,Anub'ikkaj,Chest,Plate,Dark Priest's Carapace,Soulbound,437,{},68,"{'Critical Strike': 532, 'Versatility': 314}","53 gold, 29 silver, 71 copper",False,"65, 66, 70, 71, 72, 73, 250, 251, 252","Holy Paladin, Protection Paladin, Retribution Paladin, Arms Warrior, Fury Warrior, Protection Warrior, Blood Death Knight, Frost Death Knight, Unholy Death Knight"
221152,Avanoxx,Feet,Mail,Silksteel Striders,Soulbound,437,{},68,"{'Haste': 372, 'Mastery': 263}","38 gold, 87 silver, 39 copper",False,"253, 254, 255, 262, 263, 264, 1467, 1468, 1473","Beast Mastery Hunter, Marksmanship Hunter, Survival Hunter, Elemental Shaman, Enhancement Shaman, Restoration Shaman, Devastation Evoker, Preservation Evoker, Augmentation Evoker"
221140,Anub'ikkaj,Shoulder,Mail,Shadowblight Mantle,Soulbound,437,{},68,"{'Mastery': 372, 'Versatility': 263}","40 gold, 4 silver, 34 copper",False,"253, 254, 255, 262, 263, 264, 1467, 1468, 1473","Beast Mastery Hunter, Marksmanship Hunter, Survival Hunter, Elemental Shaman, Enhancement Shaman, Restoration Shaman, Devastation Evoker, Preservation Evoker, Augmentation Evoker"
221072,Goldie Baronbottom,Shoulder,Cloth,Moneymaking Businessmantle,Soulbound,437,{'Intellect': 433},68,"{'Critical Strike': 372, 'Mastery': 263}","37 gold, 84 silver, 32 copper",False,"62, 63, 64, 256, 257, 258, 265, 266, 267","Arcane Mage, Fire Mage, Frost Mage, Discipline Priest, Holy Priest, Shadow Priest, Affliction Warlock, Demonology Warlock, Destruction Warlock"
221125,Baron Braunpyke,Head,Leather,Helm of the Righteous Crusade,Soulbound,437,{},68,"{'Critical Strike': 496, 'Mastery': 350}","40 gold, 77 silver, 68 copper",False,"102, 103, 104, 105, 259, 260, 261, 268, 269, 270, 577, 581","Balance Druid, Feral Druid, Guardian Druid, Restoration Druid, Assassination Rogue, Outlaw Rogue, Subtlety Rogue, Brewmaster Monk, Windwalker Monk, Mistweaver Monk, Havoc Demon Hunter, Vengeance Demon Hunter"
221070,Goldie Baronbottom,Head,Mail,"""Azeroth's Greatest BEE.E.O."" Cap",Soulbound,437,{},68,"{'Mastery': 296, 'Versatility': 550}","41 gold, 52 silver, 21 copper",False,"253, 254, 255, 262, 263, 264, 1467, 1468, 1473","Beast Mastery Hunter, Marksmanship Hunter, Survival Hunter, Elemental Shaman, Enhancement Shaman, Restoration Shaman, Devastation Evoker, Preservation Evoker, Augmentation Evoker"
221167,Orator Krix'vizk,Wrist,Plate,Vociferous Subjugator's Bracers,Soulbound,437,{},68,"{'Haste': 279, 'Versatility': 197}","25 gold, 62 silver, 11 copper",False,"65, 66, 70, 71, 72, 73, 250, 251, 252","Holy Paladin, Protection Paladin, Retribution Paladin, Arms Warrior, Fury Warrior, Protection Warrior, Blood Death Knight, Frost Death Knight, Unholy Death Knight"
219297,Brew Master Aldryr,Trinket,,Cinderbrew Stein,Soulbound,437,{},68,{},"46 gold, 69 silver, 55 copper",True,"250, 251, 252, 577, 581, 102, 103, 104, 105, 1467, 1468, 1473, 253, 254, 255, 62, 63, 64, 268, 270, 269, 65, 66, 70, 256, 257, 258, 259, 260, 261, 262, 263, 264, 265, 266, 267, 71, 72, 73","Blood Death Knight, Frost Death Knight, Unholy Death Knight, Havoc Demon Hunter, Vengeance Demon Hunter, Balance Druid, Feral Druid, Guardian Druid, Restoration Druid, Devastation Evoker, Preservation Evoker, Augmentation Evoker, Beast Mastery Hunter, Marksmanship Hunter, Survival Hunter, Arcane Mage, Fire Mage, Frost Mage, Brewmaster Monk, Mistweaver Monk, Windwalker Monk, Holy Paladin, Protection Paladin, Retribution Paladin, Discipline Priest, Holy Priest, Shadow Priest, Assassination Rogue, Outlaw Rogue, Subtlety Rogue, Elemental Shaman, Enhancement Shaman, Restoration Shaman, Affliction Warlock, Demonology Warlock, Destruction Warlock, Arms Warrior, Fury Warrior, Protection Warrior"
221171,Nx,One-Hand,Dagger,Kingslayer's Frostfang,Soulbound,437,{},68,"{'Mastery': 248, 'Versatility': 175}","73 gold, 89 silver, 99 copper",False,"62, 63, 64, 102, 105, 256, 257, 258, 262, 264, 265, 266, 267, 1467, 1468, 1473","Arcane Mage, Fire Mage, Frost Mage, Balance Druid, Restoration Druid, Discipline Priest, Holy Priest, Shadow Priest, Elemental Shaman, Restoration Shaman, Affliction Warlock, Demonology Warlock, Destruction Warlock, Devastation Evoker, Preservation Evoker, Augmentation Evoker"
221181,The Coaglamation,Neck,,Elder's Hemolymphal Periapt,Soulbound,437,{},68,"{'Critical Strike': 677, 'Versatility': 78}","23 gold, 60 silver, 42 copper",False,"250, 251, 252, 577, 581, 102, 103, 104, 105, 1467, 1468, 1473, 253, 254, 255, 62, 63, 64, 268, 270, 269, 65, 66, 70, 256, 257, 258, 259, 260, 261, 262, 263, 264, 265, 266, 267, 71, 72, 73","Blood Death Knight, Frost Death Knight, Unholy Death Knight, Havoc Demon Hunter, Vengeance Demon Hunter, Balance Druid, Feral Druid, Guardian Druid, Restoration Druid, Devastation Evoker, Preservation Evoker, Augmentation Evoker, Beast Mastery Hunter, Marksmanship Hunter, Survival Hunter, Arcane Mage, Fire Mage, Frost Mage, Brewmaster Monk, Mistweaver Monk, Windwalker Monk, Holy Paladin, Protection Paladin, Retribution Paladin, Discipline Priest, Holy Priest, Shadow Priest, Assassination Rogue, Outlaw Rogue, Subtlety Rogue, Elemental Shaman, Enhancement Shaman, Restoration Shaman, Affliction Warlock, Demonology Warlock, Destruction Warlock, Arms Warrior, Fury Warrior, Protection Warrior"
221047,Voidstone Monstrosity,Head,Plate,Monstrosity's Gaze,Soulbound,437,{},68,"{'Haste': 332, 'Versatility': 514}","40 gold, 3 silver, 94 copper",False,"65, 66, 70, 71, 72, 73, 250, 251, 252","Holy Paladin, Protection Paladin, Retribution Paladin, Arms Warrior, Fury Warrior, Protection Warrior, Blood Death Knight, Frost Death Knight, Unholy Death Knight"
221141,Anub'ikkaj,Finger,,High Nerubian Signet,Soulbound,437,{},68,"{'Mastery': 576, 'Versatility': 178}","33 gold, 74 silver, 74 copper",True,"250, 251, 252, 577, 581, 102, 103, 104, 105, 1467, 1468, 1473, 253, 254, 255, 62, 63, 64, 268, 270, 269, 65, 66, 70, 256, 257, 258, 259, 260, 261, 262, 263, 264, 265, 266, 267, 71, 72, 73","Blood Death Knight, Frost Death Knight, Unholy Death Knight, Havoc Demon Hunter, Vengeance Demon Hunter, Balance Druid, Feral Druid, Guardian Druid, Restoration Druid, Devastation Evoker, Preservation Evoker, Augmentation Evoker, Beast Mastery Hunter, Marksmanship Hunter, Survival Hunter, Arcane Mage, Fire Mage, Frost Mage, Brewmaster Monk, Mistweaver Monk, Windwalker Monk, Holy Paladin, Protection Paladin, Retribution Paladin, Discipline Priest, Holy Priest, Shadow Priest, Assassination Rogue, Outlaw Rogue, Subtlety Rogue, Elemental Shaman, Enhancement Shaman, Restoration Shaman, Affliction Warlock, Demonology Warlock, Destruction Warlock, Arms Warrior, Fury Warrior, Protection Warrior"
221088,Speaker Dorlita,Back,,Anvilhide Cape,Soulbound,437,{},68,"{'Haste': 177, 'Mastery': 299}","41 gold, 22 silver, 47 copper",False,"250, 251, 252, 577, 581, 102, 103, 104, 105, 1467, 1468, 1473, 253, 254, 255, 62, 63, 64, 268, 270, 269, 65, 66, 70, 256, 257, 258, 259, 260, 261, 262, 263, 264, 265, 266, 267, 71, 72, 73","Blood Death Knight, Frost Death Knight, Unholy Death Knight, Havoc Demon Hunter, Vengeance Demon Hunter, Balance Druid, Feral Druid, Guardian Druid, Restoration Druid, Devastation Evoker, Preservation Evoker, Augmentation Evoker, Beast Mastery Hunter, Marksmanship Hunter, Survival Hunter, Arcane Mage, Fire Mage, Frost Mage, Brewmaster Monk, Mistweaver Monk, Windwalker Monk, Holy Paladin, Protection Paladin, Retribution Paladin, Discipline Priest, Holy Priest, Shadow Priest, Assassination Rogue, Outlaw Rogue, Subtlety Rogue, Elemental Shaman, Enhancement Shaman, Restoration Shaman, Affliction Warlock, Demonology Warlock, Destruction Warlock, Arms Warrior, Fury Warrior, Protection Warrior"
221183,"Izo, the Grand Splicer",One-Hand,Dagger,Splice 'n Dice,Soulbound,437,{'Agility': 289},68,"{'Critical Strike': 148, 'Haste': 275}","79 gold, 24 silver, 11 copper",False,"259, 261","Assassination Rogue, Subtlety Rogue"
219301,Speaker Dorlita,Trinket,,Overclocked Gear-a-Rang Launcher,Soulbound,437,{},68,{},"47 gold, 36 silver, 28 copper",True,"250, 251, 252, 577, 581, 102, 103, 104, 105, 1467, 1468, 1473, 253, 254, 255, 62, 63, 64, 268, 270, 269, 65, 66, 70, 256, 257, 258, 259, 260, 261, 262, 263, 264, 265, 266, 267, 71, 72, 73","Blood Death Knight, Frost Death Knight, Unholy Death Knight, Havoc Demon Hunter, Vengeance Demon Hunter, Balance Druid, Feral Druid, Guardian Druid, Restoration Druid, Devastation Evoker, Preservation Evoker, Augmentation Evoker, Beast Mastery Hunter, Marksmanship Hunter, Survival Hunter, Arcane Mage, Fire Mage, Frost Mage, Brewmaster Monk, Mistweaver Monk, Windwalker Monk, Holy Paladin, Protection Paladin, Retribution Paladin, Discipline Priest, Holy Priest, Shadow Priest, Assassination Rogue, Outlaw Rogue, Subtlety Rogue, Elemental Shaman, Enhancement Shaman, Restoration Shaman, Affliction Warlock, Demonology Warlock, Destruction Warlock, Arms Warrior, Fury Warrior, Protection Warrior"
221084,Skarmorak,One-Hand,Warglaive,Skardyn Mercybringer,Soulbound,437,{'Agility': 289},68,"{'Critical Strike': 275, 'Haste': 148}","77 gold, 56 silver, 16 copper",False,"577, 581","Havoc Demon Hunter, Vengeance Demon Hunter"
219318,Orator Krix'vizk,Trinket,,Oppressive Orator's Larynx,Soulbound,437,{},68,{},"46 gold, 85 silver, 89 copper",True,"250, 251, 252, 577, 581, 102, 103, 104, 105, 1467, 1468, 1473, 253, 254, 255, 62, 63, 64, 268, 270, 269, 65, 66, 70, 256, 257, 258, 259, 260, 261, 262, 263, 264, 265, 266, 267, 71, 72, 73","Blood Death Knight, Frost Death Knight, Unholy Death Knight, Havoc Demon Hunter, Vengeance Demon Hunter, Balance Druid, Feral Druid, Guardian Druid, Restoration Druid, Devastation Evoker, Preservation Evoker, Augmentation Evoker, Beast Mastery Hunter, Marksmanship Hunter, Survival Hunter, Arcane Mage, Fire Mage, Frost Mage, Brewmaster Monk, Mistweaver Monk, Windwalker Monk, Holy Paladin, Protection Paladin, Retribution Paladin, Discipline Priest, Holy Priest, Shadow Priest, Assassination Rogue, Outlaw Rogue, Subtlety Rogue, Elemental Shaman, Enhancement Shaman, Restoration Shaman, Affliction Warlock, Demonology Warlock, Destruction Warlock, Arms Warrior, Fury Warrior, Protection Warrior"
221156,Anub'zekt,Head,Mail,Cryptbound Headpiece,Soulbound,437,{},68,"{'Haste': 332, 'Mastery': 514}","39 gold, 45 silver, 67 copper",False,"253, 254, 255, 262, 263, 264, 1467, 1468, 1473","Beast Mastery Hunter, Marksmanship Hunter, Survival Hunter, Elemental Shaman, Enhancement Shaman, Restoration Shaman, Devastation Evoker, Preservation Evoker, Augmentation Evoker"
219303,Void Speaker Eirich,Trinket,,High Speaker's Accretion,Soulbound,437,{},68,{'Mastery': 604},"43 gold, 15 silver, 49 copper",True,"250, 251, 252, 577, 581, 102, 103, 104, 105, 1467, 1468, 1473, 253, 254, 255, 62, 63, 64, 268, 270, 269, 65, 66, 70, 256, 257, 258, 259, 260, 261, 262, 263, 264, 265, 266, 267, 71, 72, 73","Blood Death Knight, Frost Death Knight, Unholy Death Knight, Havoc Demon Hunter, Vengeance Demon Hunter, Balance Druid, Feral Druid, Guardian Druid, Restoration Druid, Devastation Evoker, Preservation Evoker, Augmentation Evoker, Beast Mastery Hunter, Marksmanship Hunter, Survival Hunter, Arcane Mage, Fire Mage, Frost Mage, Brewmaster Monk, Mistweaver Monk, Windwalker Monk, Holy Paladin, Protection Paladin, Retribution Paladin, Discipline Priest, Holy Priest, Shadow Priest, Assassination Rogue, Outlaw Rogue, Subtlety Rogue, Elemental Shaman, Enhancement Shaman, Restoration Shaman, Affliction Warlock, Demonology Warlock, Destruction Warlock, Arms Warrior, Fury Warrior, Protection Warrior"
219320,The Coaglamation,Trinket,,Viscous Coaglam,Soulbound,437,{'Intellect': 549},68,{},"47 gold, 19 silver, 3 copper",True,"62, 63, 64, 65, 102, 105, 256, 257, 258, 262, 264, 265, 266, 267, 270, 1467, 1468, 1473","Arcane Mage, Fire Mage, Frost Mage, Holy Paladin, Balance Druid, Restoration Druid, Discipline Priest, Holy Priest, Shadow Priest, Elemental Shaman, Restoration Shaman, Affliction Warlock, Demonology Warlock, Destruction Warlock, Mistweaver Monk, Devastation Evoker, Preservation Evoker, Augmentation Evoker"
221063,Benk Buzzbee,Two-Hand,Mace,Hivebreaker's Dipper,Soulbound,437,{'Strength': 578},68,"{'Haste': 332, 'Versatility': 514}","94 gold, 10 silver, 54 copper",False,"70, 71, 72, 250, 251, 252","Retribution Paladin, Arms Warrior, Fury Warrior, Blood Death Knight, Frost Death Knight, Unholy Death Knight"
221097,Ol' Waxbeard,Held In Off-hand,,Arcane Scuttle,Soulbound,437,{'Intellect': 886},68,"{'Critical Strike': 175, 'Versatility': 248}","45 gold, 36 silver, 10 copper",False,"62, 63, 64, 65, 102, 105, 256, 257, 258, 262, 264, 265, 266, 267, 270, 1467, 1468, 1473","Arcane Mage, Fire Mage, Frost Mage, Holy Paladin, Balance Druid, Restoration Druid, Discipline Priest, Holy Priest, Shadow Priest, Elemental Shaman, Restoration Shaman, Affliction Warlock, Demonology Warlock, Destruction Warlock, Mistweaver Monk, Devastation Evoker, Preservation Evoker, Augmentation Evoker"
221045,Stormguard Gorren,Off Hand,Shield,Galebreaker Bulwark,Soulbound,437,"{'Strength': 289, 'Intellect': 886}",68,"{'Critical Strike': 175, 'Versatility': 248}","48 gold, 54 silver, 48 copper",False,"65, 66, 73, 262, 264","Holy Paladin, Protection Paladin, Protection Warrior, Elemental Shaman, Restoration Shaman"
219309,Baron Braunpyke,Trinket,,Tome of Light's Devotion,Soulbound,437,{},68,{},"44 gold, 15 silver, 35 copper",True,"250, 251, 252, 577, 581, 102, 103, 104, 105, 1467, 1468, 1473, 253, 254, 255, 62, 63, 64, 268, 270, 269, 65, 66, 70, 256, 257, 258, 259, 260, 261, 262, 263, 264, 265, 266, 267, 71, 72, 73","Blood Death Knight, Frost Death Knight, Unholy Death Knight, Havoc Demon Hunter, Vengeance Demon Hunter, Balance Druid, Feral Druid, Guardian Druid, Restoration Druid, Devastation Evoker, Preservation Evoker, Augmentation Evoker, Beast Mastery Hunter, Marksmanship Hunter, Survival Hunter, Arcane Mage, Fire Mage, Frost Mage, Brewmaster Monk, Mistweaver Monk, Windwalker Monk, Holy Paladin, Protection Paladin, Retribution Paladin, Discipline Priest, Holy Priest, Shadow Priest, Assassination Rogue, Outlaw Rogue, Subtlety Rogue, Elemental Shaman, Enhancement Shaman, Restoration Shaman, Affliction Warlock, Demonology Warlock, Destruction Warlock, Arms Warrior, Fury Warrior, Protection Warrior"
221172,Nx,Held In Off-hand,,Pail of Preserved Obscurity,Soulbound,437,{'Intellect': 886},68,"{'Haste': 166, 'Mastery': 257}","44 gold, 50 silver, 30 copper",False,"62, 63, 64, 65, 102, 105, 256, 257, 258, 262, 264, 265, 266, 267, 270, 1467, 1468, 1473","Arcane Mage, Fire Mage, Frost Mage, Holy Paladin, Balance Druid, Restoration Druid, Discipline Priest, Holy Priest, Shadow Priest, Elemental Shaman, Restoration Shaman, Affliction Warlock, Demonology Warlock, Destruction Warlock, Mistweaver Monk, Devastation Evoker, Preservation Evoker, Augmentation Evoker"
221158,Anub'zekt,Waist,Cloth,Burrower's Cinch,Soulbound,437,{'Intellect': 433},68,"{'Critical Strike': 412, 'Haste': 222}","26 gold, 69 silver, 96 copper",False,"62, 63, 64, 256, 257, 258, 265, 266, 267","Arcane Mage, Fire Mage, Frost Mage, Discipline Priest, Holy Priest, Shadow Priest, Affliction Warlock, Demonology Warlock, Destruction Warlock"
221174,Nx,Wrist,Mail,Penumbral Rimeguards,Soulbound,437,{},68,"{'Critical Strike': 299, 'Mastery': 177}","26 gold, 30 silver, 55 copper",False,"253, 254, 255, 262, 263, 264, 1467, 1468, 1473","Beast Mastery Hunter, Marksmanship Hunter, Survival Hunter, Elemental Shaman, Enhancement Shaman, Restoration Shaman, Devastation Evoker, Preservation Evoker, Augmentation Evoker"
221062,Benk Buzzbee,One-Hand,Dagger,Scalding Queenmaker's Shiv,Soulbound,437,{},68,"{'Critical Strike': 257, 'Mastery': 166}","75 gold, 1 silver, 20 copper",False,"62, 63, 64, 102, 105, 256, 257, 258, 262, 264, 265, 266, 267, 1467, 1468, 1473","Arcane Mage, Fire Mage, Frost Mage, Balance Druid, Restoration Druid, Discipline Priest, Holy Priest, Shadow Priest, Elemental Shaman, Restoration Shaman, Affliction Warlock, Demonology Warlock, Destruction Warlock, Devastation Evoker, Preservation Evoker, Augmentation Evoker"
219306,The Candle King,Trinket,,Burin of the Candle King,Soulbound,437,{'Intellect': 549},68,{},"43 gold, 65 silver, 42 copper",True,"62, 63, 64, 65, 102, 105, 256, 257, 258, 262, 264, 265, 266, 267, 270, 1467, 1468, 1473","Arcane Mage, Fire Mage, Frost Mage, Holy Paladin, Balance Druid, Restoration Druid, Discipline Priest, Holy Priest, Shadow Priest, Elemental Shaman, Restoration Shaman, Affliction Warlock, Demonology Warlock, Destruction Warlock, Mistweaver Monk, Devastation Evoker, Preservation Evoker, Augmentation Evoker"
221150,Avanoxx,One-Hand,Sword,Arachnoid Soulcleaver,Soulbound,437,{},68,"{'Critical Strike': 148, 'Mastery': 275}","73 gold, 62 silver, 75 copper",False,"62, 63, 64, 65, 265, 266, 267, 270, 1467, 1468, 1473","Arcane Mage, Fire Mage, Frost Mage, Holy Paladin, Affliction Warlock, Demonology Warlock, Destruction Warlock, Mistweaver Monk, Devastation Evoker, Preservation Evoker, Augmentation Evoker"
221059,I'pa,Wrist,Mail,I'pa's Pale Aleguards,Soulbound,437,{},68,"{'Critical Strike': 299, 'Versatility': 177}","26 gold, 10 silver, 84 copper",False,"253, 254, 255, 262, 263, 264, 1467, 1468, 1473","Beast Mastery Hunter, Marksmanship Hunter, Survival Hunter, Elemental Shaman, Enhancement Shaman, Restoration Shaman, Devastation Evoker, Preservation Evoker, Augmentation Evoker"
221089,Void Speaker Eirich,Ranged,Crossbow,Silver-Tongued Boltcaster,Soulbound,437,{'Agility': 578},68,"{'Critical Strike': 314, 'Versatility': 532}","98 gold, 68 silver, 26 copper",False,"253, 254","Beast Mastery Hunter, Marksmanship Hunter"
221128,Prioress Murrpray,One-Hand,Mace,Starforged Seraph's Mace,Soulbound,437,{'Agility': 289},68,"{'Critical Strike': 275, 'Versatility': 148}","78 gold, 65 silver, 10 copper",False,"260, 263, 268, 269","Outlaw Rogue, Enhancement Shaman, Brewmaster Monk, Windwalker Monk"
221064,Benk Buzzbee,Wrist,Plate,Fuzzy Cindercuffs,Soulbound,437,{},68,"{'Critical Strike': 299, 'Haste': 177}","26 gold, 59 silver, 84 copper",False,"65, 66, 70, 71, 72, 73, 250, 251, 252","Holy Paladin, Protection Paladin, Retribution Paladin, Arms Warrior, Fury Warrior, Protection Warrior, Blood Death Knight, Frost Death Knight, Unholy Death Knight"
221120,Captain Dailcry,Feet,Leather,Stalwart Guardian's Boots,Soulbound,437,{},68,"{'Haste': 372, 'Mastery': 263}","40 gold, 4 silver, 73 copper",False,"102, 103, 104, 105, 259, 260, 261, 268, 269, 270, 577, 581","Balance Druid, Feral Druid, Guardian Druid, Restoration Druid, Assassination Rogue, Outlaw Rogue, Subtlety Rogue, Brewmaster Monk, Windwalker Monk, Mistweaver Monk, Havoc Demon Hunter, Vengeance Demon Hunter"
221131,Prioress Murrpray,Head,Cloth,Elysian Flame Crown,Soulbound,437,{'Intellect': 578},68,"{'Mastery': 532, 'Versatility': 314}","38 gold, 73 silver, 12 copper",False,"62, 63, 64, 256, 257, 258, 265, 266, 267","Arcane Mage, Fire Mage, Frost Mage, Discipline Priest, Holy Priest, Shadow Priest, Affliction Warlock, Demonology Warlock, Destruction Warlock"
221082,Skarmorak,Feet,Cloth,Tainted Earthshard Walkers,Soulbound,437,{'Intellect': 433},68,"{'Haste': 399, 'Versatility': 236}","40 gold, 34 silver, 86 copper",False,"62, 63, 64, 256, 257, 258, 265, 266, 267","Arcane Mage, Fire Mage, Frost Mage, Discipline Priest, Holy Priest, Shadow Priest, Affliction Warlock, Demonology Warlock, Destruction Warlock"
221056,I'pa,Held In Off-hand,,Vessel of the Beverage,Soulbound,437,{'Intellect': 886},68,"{'Critical Strike': 157, 'Versatility': 266}","44 gold, 0 silver, 37 copper",False,"62, 63, 64, 65, 102, 105, 256, 257, 258, 262, 264, 265, 266, 267, 270, 1467, 1468, 1473","Arcane Mage, Fire Mage, Frost Mage, Holy Paladin, Balance Druid, Restoration Druid, Discipline Priest, Holy Priest, Shadow Priest, Elemental Shaman, Restoration Shaman, Affliction Warlock, Demonology Warlock, Destruction Warlock, Mistweaver Monk, Devastation Evoker, Preservation Evoker, Augmentation Evoker"
221123,Baron Braunpyke,Feet,Plate,Devoted Plate Walkers,Soulbound,437,{},68,"{'Mastery': 236, 'Versatility': 399}","40 gold, 48 silver, 34 copper",False,"65, 66, 70, 71, 72, 73, 250, 251, 252","Holy Paladin, Protection Paladin, Retribution Paladin, Arms Warrior, Fury Warrior, Protection Warrior, Blood Death Knight, Frost Death Knight, Unholy Death Knight"
221151,Avanoxx,Hands,Plate,Devourer's Gauntlets,Soulbound,437,{},68,"{'Haste': 372, 'Versatility': 263}","26 gold, 1 silver, 52 copper",False,"65, 66, 70, 71, 72, 73, 250, 251, 252","Holy Paladin, Protection Paladin, Retribution Paladin, Arms Warrior, Fury Warrior, Protection Warrior, Blood Death Knight, Frost Death Knight, Unholy Death Knight"
221200,Prioress Murrpray,Finger,,Radiant Necromancer's Band,Soulbound,437,{},68,"{'Mastery': 78, 'Versatility': 677}","34 gold, 49 silver, 30 copper",True,"250, 251, 252, 577, 581, 102, 103, 104, 105, 1467, 1468, 1473, 253, 254, 255, 62, 63, 64, 268, 270, 269, 65, 66, 70, 256, 257, 258, 259, 260, 261, 262, 263, 264, 265, 266, 267, 71, 72, 73","Blood Death Knight, Frost Death Knight, Unholy Death Knight, Havoc Demon Hunter, Vengeance Demon Hunter, Balance Druid, Feral Druid, Guardian Druid, Restoration Druid, Devastation Evoker, Preservation Evoker, Augmentation Evoker, Beast Mastery Hunter, Marksmanship Hunter, Survival Hunter, Arcane Mage, Fire Mage, Frost Mage, Brewmaster Monk, Mistweaver Monk, Windwalker Monk, Holy Paladin, Protection Paladin, Retribution Paladin, Discipline Priest, Holy Priest, Shadow Priest, Assassination Rogue, Outlaw Rogue, Subtlety Rogue, Elemental Shaman, Enhancement Shaman, Restoration Shaman, Affliction Warlock, Demonology Warlock, Destruction Warlock, Arms Warrior, Fury Warrior, Protection Warrior"
221098,Ol' Waxbeard,Shoulder,Mail,Mole Knight's Grimemail,Soulbound,437,{},68,"{'Haste': 263, 'Versatility': 372}","39 gold, 76 silver, 19 copper",False,"253, 254, 255, 262, 263, 264, 1467, 1468, 1473","Beast Mastery Hunter, Marksmanship Hunter, Survival Hunter, Elemental Shaman, Enhancement Shaman, Restoration Shaman, Devastation Evoker, Preservation Evoker, Augmentation Evoker"
221203,Prioress Murrpray,Shoulder,Plate,Reanimator's Pyreforged Shoulders,Soulbound,437,{},68,"{'Critical Strike': 412, 'Versatility': 222}","41 gold, 51 silver, 41 copper",False,"65, 66, 70, 71, 72, 73, 250, 251, 252","Holy Paladin, Protection Paladin, Retribution Paladin, Arms Warrior, Fury Warrior, Protection Warrior, Blood Death Knight, Frost Death Knight, Unholy Death Knight"
221052,Brew Master Aldryr,Shoulder,Plate,Foam-Ridden Pauldrons,Soulbound,437,{},68,"{'Mastery': 249, 'Versatility': 385}","37 gold, 84 silver, 72 copper",False,"65, 66, 70, 71, 72, 73, 250, 251, 252","Holy Paladin, Protection Paladin, Retribution Paladin, Arms Warrior, Fury Warrior, Protection Warrior, Blood Death Knight, Frost Death Knight, Unholy Death Knight"
221182,The Coaglamation,Wrist,Cloth,Vitriolic Veinwoven Wraps,Soulbound,437,{'Intellect': 325},68,"{'Critical Strike': 187, 'Haste': 289}","27 gold, 79 silver, 41 copper",False,"62, 63, 64, 256, 257, 258, 265, 266, 267","Arcane Mage, Fire Mage, Frost Mage, Discipline Priest, Holy Priest, Shadow Priest, Affliction Warlock, Demonology Warlock, Destruction Warlock"
221169,Orator Krix'vizk,Feet,Leather,Whisperer's Echoing Steps,Soulbound,437,{},68,"{'Critical Strike': 236, 'Mastery': 399}","38 gold, 42 silver, 99 copper",False,"102, 103, 104, 105, 259, 260, 261, 268, 269, 270, 577, 581","Balance Druid, Feral Druid, Guardian Druid, Restoration Druid, Assassination Rogue, Outlaw Rogue, Subtlety Rogue, Brewmaster Monk, Windwalker Monk, Mistweaver Monk, Havoc Demon Hunter, Vengeance Demon Hunter"
221153,Avanoxx,Legs,Leather,Gauzewoven Legguards,Soulbound,437,{},68,"{'Critical Strike': 332, 'Mastery': 514}","52 gold, 12 silver, 15 copper",False,"102, 103, 104, 105, 259, 260, 261, 268, 269, 270, 577, 581","Balance Druid, Feral Druid, Guardian Druid, Restoration Druid, Assassination Rogue, Outlaw Rogue, Subtlety Rogue, Brewmaster Monk, Windwalker Monk, Mistweaver Monk, Havoc Demon Hunter, Vengeance Demon Hunter"
221102,Blazikon,Hands,Leather,Shimmering Glimclaws,Soulbound,437,{},68,"{'Haste': 399, 'Mastery': 236}","27 gold, 10 silver, 17 copper",False,"102, 103, 104, 105, 259, 260, 261, 268, 269, 270, 577, 581","Balance Druid, Feral Druid, Guardian Druid, Restoration Druid, Assassination Rogue, Outlaw Rogue, Subtlety Rogue, Brewmaster Monk, Windwalker Monk, Mistweaver Monk, Havoc Demon Hunter, Vengeance Demon Hunter"
221079,Skarmorak,Waist,Plate,Crystal-Fissure Girdle,Soulbound,437,{},68,"{'Critical Strike': 372, 'Mastery': 263}","26 gold, 10 silver, 58 copper",False,"65, 66, 70, 71, 72, 73, 250, 251, 252","Holy Paladin, Protection Paladin, Retribution Paladin, Arms Warrior, Fury Warrior, Protection Warrior, Blood Death Knight, Frost Death Knight, Unholy Death Knight"
219307,The Darkness,Trinket,,Remnant of Darkness,Soulbound,437,{},68,{},"43 gold, 82 silver, 22 copper",True,"250, 251, 252, 577, 581, 102, 103, 104, 105, 1467, 1468, 1473, 253, 254, 255, 62, 63, 64, 268, 270, 269, 65, 66, 70, 256, 257, 258, 259, 260, 261, 262, 263, 264, 265, 266, 267, 71, 72, 73","Blood Death Knight, Frost Death Knight, Unholy Death Knight, Havoc Demon Hunter, Vengeance Demon Hunter, Balance Druid, Feral Druid, Guardian Druid, Restoration Druid, Devastation Evoker, Preservation Evoker, Augmentation Evoker, Beast Mastery Hunter, Marksmanship Hunter, Survival Hunter, Arcane Mage, Fire Mage, Frost Mage, Brewmaster Monk, Mistweaver Monk, Windwalker Monk, Holy Paladin, Protection Paladin, Retribution Paladin, Discipline Priest, Holy Priest, Shadow Priest, Assassination Rogue, Outlaw Rogue, Subtlety Rogue, Elemental Shaman, Enhancement Shaman, Restoration Shaman, Affliction Warlock, Demonology Warlock, Destruction Warlock, Arms Warrior, Fury Warrior, Protection Warrior"
221065,Benk Buzzbee,Legs,Mail,Pollen-Lugger Treads,Soulbound,437,{},68,"{'Critical Strike': 532, 'Haste': 314}","54 gold, 49 silver, 40 copper",False,"253, 254, 255, 262, 263, 264, 1467, 1468, 1473","Beast Mastery Hunter, Marksmanship Hunter, Survival Hunter, Elemental Shaman, Enhancement Shaman, Restoration Shaman, Devastation Evoker, Preservation Evoker, Augmentation Evoker"
219312,Anub'ikkaj,Trinket,,Empowering Crystal of Anub'ikkaj,Soulbound,437,{},68,{},"44 gold, 65 silver, 28 copper",True,"62, 63, 64, 65, 102, 103, 104, 105, 253, 254, 255, 256, 257, 258, 259, 260, 261, 262, 263, 264, 265, 266, 267, 268, 269, 270, 577, 581, 1467, 1468, 1473","Arcane Mage, Fire Mage, Frost Mage, Holy Paladin, Balance Druid, Feral Druid, Guardian Druid, Restoration Druid, Beast Mastery Hunter, Marksmanship Hunter, Survival Hunter, Discipline Priest, Holy Priest, Shadow Priest, Assassination Rogue, Outlaw Rogue, Subtlety Rogue, Elemental Shaman, Enhancement Shaman, Restoration Shaman, Affliction Warlock, Demonology Warlock, Destruction Warlock, Brewmaster Monk, Windwalker Monk, Mistweaver Monk, Havoc Demon Hunter, Vengeance Demon Hunter, Devastation Evoker, Preservation Evoker, Augmentation Evoker"
221037,Kyrioss,Wrist,Cloth,Charged Rookfeather Wraps,Soulbound,437,{'Intellect': 325},68,"{'Critical Strike': 309, 'Versatility': 167}","25 gold, 91 silver, 67 copper",False,"62, 63, 64, 256, 257, 258, 265, 266, 267","Arcane Mage, Fire Mage, Frost Mage, Discipline Priest, Holy Priest, Shadow Priest, Affliction Warlock, Demonology Warlock, Destruction Warlock"
221113,The Darkness,Head,Mail,Gloaming Visage,Soulbound,437,{},68,"{'Mastery': 550, 'Versatility': 296}","39 gold, 2 silver, 85 copper",False,"253, 254, 255, 262, 263, 264, 1467, 1468, 1473","Beast Mastery Hunter, Marksmanship Hunter, Survival Hunter, Elemental Shaman, Enhancement Shaman, Restoration Shaman, Devastation Evoker, Preservation Evoker, Augmentation Evoker"
221091,Void Speaker Eirich,One-Hand,Sword,Cutting-Edge Sermon,Soulbound,437,{'Strength': 289},68,"{'Mastery': 166, 'Versatility': 257}","71 gold, 93 silver, 28 copper",False,"66, 72, 73, 251","Protection Paladin, Fury Warrior, Protection Warrior, Frost Death Knight"
221109,The Candle King,Back,,Candlebearer's Shroud,Soulbound,437,{},68,"{'Critical Strike': 167, 'Versatility': 309}","41 gold, 36 silver, 35 copper",False,"250, 251, 252, 577, 581, 102, 103, 104, 105, 1467, 1468, 1473, 253, 254, 255, 62, 63, 64, 268, 270, 269, 65, 66, 70, 256, 257, 258, 259, 260, 261, 262, 263, 264, 265, 266, 267, 71, 72, 73","Blood Death Knight, Frost Death Knight, Unholy Death Knight, Havoc Demon Hunter, Vengeance Demon Hunter, Balance Druid, Feral Druid, Guardian Druid, Restoration Druid, Devastation Evoker, Preservation Evoker, Augmentation Evoker, Beast Mastery Hunter, Marksmanship Hunter, Survival Hunter, Arcane Mage, Fire Mage, Frost Mage, Brewmaster Monk, Mistweaver Monk, Windwalker Monk, Holy Paladin, Protection Paladin, Retribution Paladin, Discipline Priest, Holy Priest, Shadow Priest, Assassination Rogue, Outlaw Rogue, Subtlety Rogue, Elemental Shaman, Enhancement Shaman, Restoration Shaman, Affliction Warlock, Demonology Warlock, Destruction Warlock, Arms Warrior, Fury Warrior, Protection Warrior"
221161,Ki'katal the Harvester,Chest,Plate,Experimental Goresilk Chestguard,Soulbound,437,{},68,"{'Haste': 332, 'Versatility': 514}","55 gold, 8 silver, 18 copper",False,"65, 66, 70, 71, 72, 73, 250, 251, 252","Holy Paladin, Protection Paladin, Retribution Paladin, Arms Warrior, Fury Warrior, Protection Warrior, Blood Death Knight, Frost Death Knight, Unholy Death Knight"
221201,Benk Buzzbee,Shoulder,Leather,Fireproof Cinderbee Perch,Soulbound,437,{},68,"{'Haste': 412, 'Versatility': 222}","41 gold, 22 silver, 47 copper",False,"102, 103, 104, 105, 259, 260, 261, 268, 269, 270, 577, 581","Balance Druid, Feral Druid, Guardian Druid, Restoration Druid, Assassination Rogue, Outlaw Rogue, Subtlety Rogue, Brewmaster Monk, Windwalker Monk, Mistweaver Monk, Havoc Demon Hunter, Vengeance Demon Hunter"
226683,Void Speaker Eirich,,,Malfunctioning Mechsuit,Soulbound,30,{},30,{},"0 gold, 0 silver, 0 copper",False,"250, 251, 252, 577, 581, 102, 103, 104, 105, 1467, 1468, 1473, 253, 254, 255, 62, 63, 64, 268, 270, 269, 65, 66, 70, 256, 257, 258, 259, 260, 261, 262, 263, 264, 265, 266, 267, 71, 72, 73","Blood Death Knight, Frost Death Knight, Unholy Death Knight, Havoc Demon Hunter, Vengeance Demon Hunter, Balance Druid, Feral Druid, Guardian Druid, Restoration Druid, Devastation Evoker, Preservation Evoker, Augmentation Evoker, Beast Mastery Hunter, Marksmanship Hunter, Survival Hunter, Arcane Mage, Fire Mage, Frost Mage, Brewmaster Monk, Mistweaver Monk, Windwalker Monk, Holy Paladin, Protection Paladin, Retribution Paladin, Discipline Priest, Holy Priest, Shadow Priest, Assassination Rogue, Outlaw Rogue, Subtlety Rogue, Elemental Shaman, Enhancement Shaman, Restoration Shaman, Affliction Warlock, Demonology Warlock, Destruction Warlock, Arms Warrior, Fury Warrior, Protection Warrior"
221107,The Candle King,Waist,Leather,Gleamkeeper's Buckle,Soulbound,437,{},68,"{'Critical Strike': 399, 'Mastery': 236}","27 gold, 59 silver, 17 copper",False,"102, 103, 104, 105, 259, 260, 261, 268, 269, 270, 577, 581","Balance Druid, Feral Druid, Guardian Druid, Restoration Druid, Assassination Rogue, Outlaw Rogue, Subtlety Rogue, Brewmaster Monk, Windwalker Monk, Mistweaver Monk, Havoc Demon Hunter, Vengeance Demon Hunter"
221176,Nx,Chest,Cloth,Arachnofrost Vest,Soulbound,437,{'Intellect': 578},68,"{'Critical Strike': 496, 'Haste': 350}","52 gold, 69 silver, 87 copper",False,"62, 63, 64, 256, 257, 258, 265, 266, 267","Arcane Mage, Fire Mage, Frost Mage, Discipline Priest, Holy Priest, Shadow Priest, Affliction Warlock, Demonology Warlock, Destruction Warlock"
219294,Kyrioss,Trinket,,Charged Stormrook Plume,Soulbound,437,{'Agility': 549},68,{},"44 gold, 99 silver, 33 copper",True,"103, 104, 253, 254, 255, 259, 260, 261, 263, 268, 269, 577, 581","Feral Druid, Guardian Druid, Beast Mastery Hunter, Marksmanship Hunter, Survival Hunter, Assassination Rogue, Outlaw Rogue, Subtlety Rogue, Enhancement Shaman, Brewmaster Monk, Windwalker Monk, Havoc Demon Hunter, Vengeance Demon Hunter"
221138,Anub'ikkaj,One-Hand,Dagger,Parson's Ornamented Blade,Soulbound,437,{'Agility': 289},68,"{'Critical Strike': 257, 'Versatility': 166}","75 gold, 85 silver, 93 copper",False,"259, 261","Assassination Rogue, Subtlety Rogue"
221083,Skarmorak,Two-Hand,Mace,Wardbreaker of the Fractured,Soulbound,437,{},68,"{'Critical Strike': 496, 'Haste': 350}","96 gold, 60 silver, 21 copper",False,"65, 102, 105, 262, 264","Holy Paladin, Balance Druid, Restoration Druid, Elemental Shaman, Restoration Shaman"
221187,"Izo, the Grand Splicer",Head,Cloth,Intertwiner's Shadowcowl,Soulbound,437,{'Intellect': 578},68,"{'Critical Strike': 314, 'Mastery': 532}","38 gold, 13 silver, 26 copper",False,"62, 63, 64, 256, 257, 258, 265, 266, 267","Arcane Mage, Fire Mage, Frost Mage, Discipline Priest, Holy Priest, Shadow Priest, Affliction Warlock, Demonology Warlock, Destruction Warlock"
221038,Stormguard Gorren,Two-Hand,Mace,Crashing Thunderhammer,Soulbound,437,{'Strength': 578},68,"{'Critical Strike': 496, 'Mastery': 350}","92 gold, 38 silver, 43 copper",False,"70, 71, 72, 250, 251, 252","Retribution Paladin, Arms Warrior, Fury Warrior, Blood Death Knight, Frost Death Knight, Unholy Death Knight"
219316,Anub'zekt,Trinket,,Ceaseless Swarmgland,Soulbound,437,{},68,{},"46 gold, 52 silver, 30 copper",True,"66, 70, 71, 72, 73, 103, 104, 250, 251, 252, 253, 254, 255, 259, 260, 261, 263, 268, 269, 577, 581","Protection Paladin, Retribution Paladin, Arms Warrior, Fury Warrior, Protection Warrior, Feral Druid, Guardian Druid, Blood Death Knight, Frost Death Knight, Unholy Death Knight, Beast Mastery Hunter, Marksmanship Hunter, Survival Hunter, Assassination Rogue, Outlaw Rogue, Subtlety Rogue, Enhancement Shaman, Brewmaster Monk, Windwalker Monk, Havoc Demon Hunter, Vengeance Demon Hunter"
221124,Baron Braunpyke,Wrist,Mail,Consecrated Baron's Bindings,Soulbound,437,{},68,"{'Haste': 167, 'Mastery': 309}","27 gold, 29 silver, 35 copper",False,"253, 254, 255, 262, 263, 264, 1467, 1468, 1473","Beast Mastery Hunter, Marksmanship Hunter, Survival Hunter, Elemental Shaman, Enhancement Shaman, Restoration Shaman, Devastation Evoker, Preservation Evoker, Augmentation Evoker"
225548,,,,Wick's Lead,Soulbound,10,{},,{},"0 gold, 0 silver, 0 copper",False,"250, 251, 252, 577, 581, 102, 103, 104, 105, 1467, 1468, 1473, 253, 254, 255, 62, 63, 64, 268, 270, 269, 65, 66, 70, 256, 257, 258, 259, 260, 261, 262, 263, 264, 265, 266, 267, 71, 72, 73","Blood Death Knight, Frost Death Knight, Unholy Death Knight, Havoc Demon Hunter, Vengeance Demon Hunter, Balance Druid, Feral Druid, Guardian Druid, Restoration Druid, Devastation Evoker, Preservation Evoker, Augmentation Evoker, Beast Mastery Hunter, Marksmanship Hunter, Survival Hunter, Arcane Mage, Fire Mage, Frost Mage, Brewmaster Monk, Mistweaver Monk, Windwalker Monk, Holy Paladin, Protection Paladin, Retribution Paladin, Discipline Priest, Holy Priest, Shadow Priest, Assassination Rogue, Outlaw Rogue, Subtlety Rogue, Elemental Shaman, Enhancement Shaman, Restoration Shaman, Affliction Warlock, Demonology Warlock, Destruction Warlock, Arms Warrior, Fury Warrior, Protection Warrior"
221087,Speaker Dorlita,Waist,Cloth,Dorlita's Safety Belt,Soulbound,437,{'Intellect': 433},68,"{'Mastery': 236, 'Versatility': 399}","27 gold, 59 silver, 44 copper",False,"62, 63, 64, 256, 257, 258, 265, 266, 267","Arcane Mage, Fire Mage, Frost Mage, Discipline Priest, Holy Priest, Shadow Priest, Affliction Warlock, Demonology Warlock, Destruction Warlock"
221081,Skarmorak,Head,Leather,Guise of the Construct,Soulbound,437,{},68,"{'Critical Strike': 514, 'Haste': 332}","40 gold, 20 silver, 59 copper",False,"102, 103, 104, 105, 259, 260, 261, 268, 269, 270, 577, 581","Balance Druid, Feral Druid, Guardian Druid, Restoration Druid, Assassination Rogue, Outlaw Rogue, Subtlety Rogue, Brewmaster Monk, Windwalker Monk, Mistweaver Monk, Havoc Demon Hunter, Vengeance Demon Hunter"
219296,Voidstone Monstrosity,Trinket,,Entropic Skardyn Core,Soulbound,437,{},68,{'Critical Strike': 604},"45 gold, 32 silver, 92 copper",True,"250, 251, 252, 577, 581, 102, 103, 104, 105, 1467, 1468, 1473, 253, 254, 255, 62, 63, 64, 268, 270, 269, 65, 66, 70, 256, 257, 258, 259, 260, 261, 262, 263, 264, 265, 266, 267, 71, 72, 73","Blood Death Knight, Frost Death Knight, Unholy Death Knight, Havoc Demon Hunter, Vengeance Demon Hunter, Balance Druid, Feral Druid, Guardian Druid, Restoration Druid, Devastation Evoker, Preservation Evoker, Augmentation Evoker, Beast Mastery Hunter, Marksmanship Hunter, Survival Hunter, Arcane Mage, Fire Mage, Frost Mage, Brewmaster Monk, Mistweaver Monk, Windwalker Monk, Holy Paladin, Protection Paladin, Retribution Paladin, Discipline Priest, Holy Priest, Shadow Priest, Assassination Rogue, Outlaw Rogue, Subtlety Rogue, Elemental Shaman, Enhancement Shaman, Restoration Shaman, Affliction Warlock, Demonology Warlock, Destruction Warlock, Arms Warrior, Fury Warrior, Protection Warrior"
221055,I'pa,Head,Cloth,Cinderbrew-Soaked Cowl,Soulbound,437,{'Intellect': 578},68,"{'Mastery': 496, 'Versatility': 350}","38 gold, 28 silver, 72 copper",False,"62, 63, 64, 256, 257, 258, 265, 266, 267","Arcane Mage, Fire Mage, Frost Mage, Discipline Priest, Holy Priest, Shadow Priest, Affliction Warlock, Demonology Warlock, Destruction Warlock"
221035,Kyrioss,Feet,Mail,Treads of the Galvanic Skysoarer,Soulbound,437,{},68,"{'Haste': 385, 'Mastery': 249}","38 gold, 29 silver, 12 copper",False,"253, 254, 255, 262, 263, 264, 1467, 1468, 1473","Beast Mastery Hunter, Marksmanship Hunter, Survival Hunter, Elemental Shaman, Enhancement Shaman, Restoration Shaman, Devastation Evoker, Preservation Evoker, Augmentation Evoker"
221048,Voidstone Monstrosity,Shoulder,Mail,Amice of Oblivion,Soulbound,437,{},68,"{'Mastery': 399, 'Versatility': 236}","40 gold, 18 silver, 21 copper",False,"253, 254, 255, 262, 263, 264, 1467, 1468, 1473","Beast Mastery Hunter, Marksmanship Hunter, Survival Hunter, Elemental Shaman, Enhancement Shaman, Restoration Shaman, Devastation Evoker, Preservation Evoker, Augmentation Evoker"
221132,Speaker Shadowcrown,Held In Off-hand,,Overflowing Umbral Pail,Soulbound,437,{'Intellect': 886},68,"{'Critical Strike': 148, 'Versatility': 275}","44 gold, 51 silver, 67 copper",False,"62, 63, 64, 65, 102, 105, 256, 257, 258, 262, 264, 265, 266, 267, 270, 1467, 1468, 1473","Arcane Mage, Fire Mage, Frost Mage, Holy Paladin, Balance Druid, Restoration Druid, Discipline Priest, Holy Priest, Shadow Priest, Elemental Shaman, Restoration Shaman, Affliction Warlock, Demonology Warlock, Destruction Warlock, Mistweaver Monk, Devastation Evoker, Preservation Evoker, Augmentation Evoker"
221034,Kyrioss,Legs,Plate,Thunder-Clad Legguards,Soulbound,437,{},68,"{'Haste': 496, 'Versatility': 350}","50 gold, 95 silver, 64 copper",False,"65, 66, 70, 71, 72, 73, 250, 251, 252","Holy Paladin, Protection Paladin, Retribution Paladin, Arms Warrior, Fury Warrior, Protection Warrior, Blood Death Knight, Frost Death Knight, Unholy Death Knight"
221137,Anub'ikkaj,Two-Hand,Polearm,Black Shepherd's Guisarme,Soulbound,437,{'Agility': 578},68,"{'Critical Strike': 332, 'Haste': 514}","94 gold, 48 silver, 37 copper",False,"103, 104, 255, 268, 269","Feral Druid, Guardian Druid, Survival Hunter, Brewmaster Monk, Windwalker Monk"
221202,Anub'ikkaj,Feet,Mail,Defiance Crusher's Sabatons,Soulbound,437,{},68,"{'Haste': 222, 'Versatility': 412}","41 gold, 36 silver, 75 copper",False,"253, 254, 255, 262, 263, 264, 1467, 1468, 1473","Beast Mastery Hunter, Marksmanship Hunter, Survival Hunter, Elemental Shaman, Enhancement Shaman, Restoration Shaman, Devastation Evoker, Preservation Evoker, Augmentation Evoker"
221185,"Izo, the Grand Splicer",Shoulder,Plate,Flesh Connector's Epaulets,Soulbound,437,{},68,"{'Critical Strike': 412, 'Haste': 222}","37 gold, 84 silver, 32 copper",False,"65, 66, 70, 71, 72, 73, 250, 251, 252","Holy Paladin, Protection Paladin, Retribution Paladin, Arms Warrior, Fury Warrior, Protection Warrior, Blood Death Knight, Frost Death Knight, Unholy Death Knight"
221160,Ki'katal the Harvester,One-Hand,Warglaive,Blight Hunter's Scalpelglaive,Soulbound,437,{'Agility': 289},68,"{'Mastery': 275, 'Versatility': 148}","76 gold, 41 silver, 16 copper",False,"577, 581","Havoc Demon Hunter, Vengeance Demon Hunter"
221099,Ol' Waxbeard,Finger,,Wick's Golden Loop,Soulbound,437,{},68,"{'Haste': 128, 'Versatility': 627}","33 gold, 51 silver, 10 copper",True,"250, 251, 252, 577, 581, 102, 103, 104, 105, 1467, 1468, 1473, 253, 254, 255, 62, 63, 64, 268, 270, 269, 65, 66, 70, 256, 257, 258, 259, 260, 261, 262, 263, 264, 265, 266, 267, 71, 72, 73","Blood Death Knight, Frost Death Knight, Unholy Death Knight, Havoc Demon Hunter, Vengeance Demon Hunter, Balance Druid, Feral Druid, Guardian Druid, Restoration Druid, Devastation Evoker, Preservation Evoker, Augmentation Evoker, Beast Mastery Hunter, Marksmanship Hunter, Survival Hunter, Arcane Mage, Fire Mage, Frost Mage, Brewmaster Monk, Mistweaver Monk, Windwalker Monk, Holy Paladin, Protection Paladin, Retribution Paladin, Discipline Priest, Holy Priest, Shadow Priest, Assassination Rogue, Outlaw Rogue, Subtlety Rogue, Elemental Shaman, Enhancement Shaman, Restoration Shaman, Affliction Warlock, Demonology Warlock, Destruction Warlock, Arms Warrior, Fury Warrior, Protection Warrior"
221168,Orator Krix'vizk,Waist,Mail,Cinch of Lingering Influence,Soulbound,437,{},68,"{'Haste': 385, 'Mastery': 249}","25 gold, 71 silver, 70 copper",False,"253, 254, 255, 262, 263, 264, 1467, 1468, 1473","Beast Mastery Hunter, Marksmanship Hunter, Survival Hunter, Elemental Shaman, Enhancement Shaman, Restoration Shaman, Devastation Evoker, Preservation Evoker, Augmentation Evoker"
221133,Speaker Shadowcrown,Waist,Plate,Girdle of Somber Ploys,Soulbound,437,{},68,"{'Haste': 249, 'Mastery': 385}","26 gold, 21 silver, 50 copper",False,"65, 66, 70, 71, 72, 73, 250, 251, 252","Holy Paladin, Protection Paladin, Retribution Paladin, Arms Warrior, Fury Warrior, Protection Warrior, Blood Death Knight, Frost Death Knight, Unholy Death Knight"
221101,Blazikon,Waist,Mail,Scent-Strong Candlecord,Soulbound,437,{},68,"{'Haste': 385, 'Versatility': 249}","27 gold, 0 silver, 32 copper",False,"253, 254, 255, 262, 263, 264, 1467, 1468, 1473","Beast Mastery Hunter, Marksmanship Hunter, Survival Hunter, Elemental Shaman, Enhancement Shaman, Restoration Shaman, Devastation Evoker, Preservation Evoker, Augmentation Evoker"
221032,Kyrioss,Two-Hand,Staff,Voltaic Stormcaller,Soulbound,437,{},68,{'Critical Strike': 459},"90 gold, 30 silver, 38 copper",False,"62, 63, 64, 102, 105, 256, 257, 258, 262, 264, 265, 266, 267, 270, 1467, 1468, 1473","Arcane Mage, Fire Mage, Frost Mage, Balance Druid, Restoration Druid, Discipline Priest, Holy Priest, Shadow Priest, Elemental Shaman, Restoration Shaman, Affliction Warlock, Demonology Warlock, Destruction Warlock, Mistweaver Monk, Devastation Evoker, Preservation Evoker, Augmentation Evoker"
221112,The Darkness,Hands,Plate,Caliginous Claspers,Soulbound,437,{},68,"{'Haste': 222, 'Versatility': 412}","25 gold, 41 silver, 34 copper",False,"65, 66, 70, 71, 72, 73, 250, 251, 252","Holy Paladin, Protection Paladin, Retribution Paladin, Arms Warrior, Fury Warrior, Protection Warrior, Blood Death Knight, Frost Death Knight, Unholy Death Knight"
221159,Ki'katal the Harvester,Two-Hand,Staff,Harvester's Interdiction,Soulbound,437,{'Agility': 578},68,"{'Mastery': 350, 'Versatility': 496}","95 gold, 16 silver, 46 copper",False,"103, 104, 255, 268, 269","Feral Druid, Guardian Druid, Survival Hunter, Brewmaster Monk, Windwalker Monk"
221186,"Izo, the Grand Splicer",Legs,Mail,Entwined Chimeric Legguards,Soulbound,437,{},68,"{'Haste': 496, 'Versatility': 350}","50 gold, 74 silver, 98 copper",False,"253, 254, 255, 262, 263, 264, 1467, 1468, 1473","Beast Mastery Hunter, Marksmanship Hunter, Survival Hunter, Elemental Shaman, Enhancement Shaman, Restoration Shaman, Devastation Evoker, Preservation Evoker, Augmentation Evoker"
219304,Ol' Waxbeard,Trinket,,Conductor's Wax Whistle,Soulbound,437,{'Agility': 549},68,{},"43 gold, 32 silver, 28 copper",True,"103, 104, 253, 254, 255, 259, 260, 261, 263, 268, 269, 577, 581","Feral Druid, Guardian Druid, Beast Mastery Hunter, Marksmanship Hunter, Survival Hunter, Assassination Rogue, Outlaw Rogue, Subtlety Rogue, Enhancement Shaman, Brewmaster Monk, Windwalker Monk, Havoc Demon Hunter, Vengeance Demon Hunter"
221068,Goldie Baronbottom,One-Hand,Axe,Profit Divider,Soulbound,437,{'Strength': 289},68,"{'Critical Strike': 257, 'Versatility': 166}","78 gold, 68 silver, 13 copper",False,"66, 72, 73, 251","Protection Paladin, Fury Warrior, Protection Warrior, Frost Death Knight"
219319,Nx,Trinket,,Twin Fang Instruments,Soulbound,437,{'Agility': 549},68,{},"47 gold, 2 silver, 69 copper",True,"103, 104, 253, 254, 255, 259, 260, 261, 263, 268, 269, 577, 581","Feral Druid, Guardian Druid, Beast Mastery Hunter, Marksmanship Hunter, Survival Hunter, Assassination Rogue, Outlaw Rogue, Subtlety Rogue, Enhancement Shaman, Brewmaster Monk, Windwalker Monk, Havoc Demon Hunter, Vengeance Demon Hunter"
219314,Avanoxx,Trinket,,Ara-Kara Sacbrood,Soulbound,437,{},68,{'Haste': 604},"46 gold, 19 silver, 17 copper",True,"250, 251, 252, 577, 581, 102, 103, 104, 105, 1467, 1468, 1473, 253, 254, 255, 62, 63, 64, 268, 270, 269, 65, 66, 70, 256, 257, 258, 259, 260, 261, 262, 263, 264, 265, 266, 267, 71, 72, 73","Blood Death Knight, Frost Death Knight, Unholy Death Knight, Havoc Demon Hunter, Vengeance Demon Hunter, Balance Druid, Feral Druid, Guardian Druid, Restoration Druid, Devastation Evoker, Preservation Evoker, Augmentation Evoker, Beast Mastery Hunter, Marksmanship Hunter, Survival Hunter, Arcane Mage, Fire Mage, Frost Mage, Brewmaster Monk, Mistweaver Monk, Windwalker Monk, Holy Paladin, Protection Paladin, Retribution Paladin, Discipline Priest, Holy Priest, Shadow Priest, Assassination Rogue, Outlaw Rogue, Subtlety Rogue, Elemental Shaman, Enhancement Shaman, Restoration Shaman, Affliction Warlock, Demonology Warlock, Destruction Warlock, Arms Warrior, Fury Warrior, Protection Warrior"
221108,The Candle King,Hands,Cloth,King's Malicious Clutches,Soulbound,437,{'Intellect': 433},68,"{'Critical Strike': 372, 'Haste': 263}","27 gold, 68 silver, 76 copper",False,"62, 63, 64, 256, 257, 258, 265, 266, 267","Arcane Mage, Fire Mage, Frost Mage, Discipline Priest, Holy Priest, Shadow Priest, Affliction Warlock, Demonology Warlock, Destruction Warlock"
221090,Void Speaker Eirich,One-Hand,Fist Weapon,Eirich's Fist of Deception,Soulbound,437,{'Agility': 289},68,"{'Critical Strike': 157, 'Haste': 266}","79 gold, 22 silver, 60 copper",False,"260, 263, 268, 269, 577, 581","Outlaw Rogue, Enhancement Shaman, Brewmaster Monk, Windwalker Monk, Havoc Demon Hunter, Vengeance Demon Hunter"
221188,"Izo, the Grand Splicer",Chest,Leather,Viscera-Lathered Coat,Soulbound,437,{},68,"{'Haste': 514, 'Mastery': 332}","51 gold, 13 silver, 64 copper",False,"102, 103, 104, 105, 259, 260, 261, 268, 269, 270, 577, 581","Balance Druid, Feral Druid, Guardian Druid, Restoration Druid, Assassination Rogue, Outlaw Rogue, Subtlety Rogue, Brewmaster Monk, Windwalker Monk, Mistweaver Monk, Havoc Demon Hunter, Vengeance Demon Hunter"
221135,Speaker Shadowcrown,Shoulder,Cloth,Fanatic's Blackened Shoulderwraps,Soulbound,437,{'Intellect': 433},68,"{'Critical Strike': 222, 'Versatility': 412}","39 gold, 31 silver, 40 copper",False,"62, 63, 64, 256, 257, 258, 265, 266, 267","Arcane Mage, Fire Mage, Frost Mage, Discipline Priest, Holy Priest, Shadow Priest, Affliction Warlock, Demonology Warlock, Destruction Warlock"
221178,The Coaglamation,Feet,Plate,Ichor-Stained Sollerets,Soulbound,437,{},68,"{'Haste': 236, 'Versatility': 399}","40 gold, 79 silver, 26 copper",False,"65, 66, 70, 71, 72, 73, 250, 251, 252","Holy Paladin, Protection Paladin, Retribution Paladin, Arms Warrior, Fury Warrior, Protection Warrior, Blood Death Knight, Frost Death Knight, Unholy Death Knight"
221198,Goldie Baronbottom,Finger,,85-Year Tenure Ring,Soulbound,437,{},68,"{'Critical Strike': 602, 'Mastery': 153}","34 gold, 25 silver, 0 copper",True,"250, 251, 252, 577, 581, 102, 103, 104, 105, 1467, 1468, 1473, 253, 254, 255, 62, 63, 64, 268, 270, 269, 65, 66, 70, 256, 257, 258, 259, 260, 261, 262, 263, 264, 265, 266, 267, 71, 72, 73","Blood Death Knight, Frost Death Knight, Unholy Death Knight, Havoc Demon Hunter, Vengeance Demon Hunter, Balance Druid, Feral Druid, Guardian Druid, Restoration Druid, Devastation Evoker, Preservation Evoker, Augmentation Evoker, Beast Mastery Hunter, Marksmanship Hunter, Survival Hunter, Arcane Mage, Fire Mage, Frost Mage, Brewmaster Monk, Mistweaver Monk, Windwalker Monk, Holy Paladin, Protection Paladin, Retribution Paladin, Discipline Priest, Holy Priest, Shadow Priest, Assassination Rogue, Outlaw Rogue, Subtlety Rogue, Elemental Shaman, Enhancement Shaman, Restoration Shaman, Affliction Warlock, Demonology Warlock, Destruction Warlock, Arms Warrior, Fury Warrior, Protection Warrior"
221122,Baron Braunpyke,One-Hand,Mace,Hand of Beledar,Soulbound,437,{},68,"{'Critical Strike': 175, 'Mastery': 248}","76 gold, 98 silver, 66 copper",False,"65, 102, 105, 256, 257, 258, 262, 264, 270, 1467, 1468, 1473","Holy Paladin, Balance Druid, Restoration Druid, Discipline Priest, Holy Priest, Shadow Priest, Elemental Shaman, Restoration Shaman, Mistweaver Monk, Devastation Evoker, Preservation Evoker, Augmentation Evoker"
221175,Nx,Shoulder,Leather,Shadowchill Amice,Soulbound,437,{},68,"{'Critical Strike': 222, 'Versatility': 412}","39 gold, 30 silver, 60 copper",False,"102, 103, 104, 105, 259, 260, 261, 268, 269, 270, 577, 581","Balance Druid, Feral Druid, Guardian Druid, Restoration Druid, Assassination Rogue, Outlaw Rogue, Subtlety Rogue, Brewmaster Monk, Windwalker Monk, Mistweaver Monk, Havoc Demon Hunter, Vengeance Demon Hunter"
221189,"Izo, the Grand Splicer",Finger,,Experiment 08752's Band,Soulbound,437,{},68,"{'Haste': 727, 'Versatility': 28}","32 gold, 26 silver, 61 copper",True,"250, 251, 252, 577, 581, 102, 103, 104, 105, 1467, 1468, 1473, 253, 254, 255, 62, 63, 64, 268, 270, 269, 65, 66, 70, 256, 257, 258, 259, 260, 261, 262, 263, 264, 265, 266, 267, 71, 72, 73","Blood Death Knight, Frost Death Knight, Unholy Death Knight, Havoc Demon Hunter, Vengeance Demon Hunter, Balance Druid, Feral Druid, Guardian Druid, Restoration Druid, Devastation Evoker, Preservation Evoker, Augmentation Evoker, Beast Mastery Hunter, Marksmanship Hunter, Survival Hunter, Arcane Mage, Fire Mage, Frost Mage, Brewmaster Monk, Mistweaver Monk, Windwalker Monk, Holy Paladin, Protection Paladin, Retribution Paladin, Discipline Priest, Holy Priest, Shadow Priest, Assassination Rogue, Outlaw Rogue, Subtlety Rogue, Elemental Shaman, Enhancement Shaman, Restoration Shaman, Affliction Warlock, Demonology Warlock, Destruction Warlock, Arms Warrior, Fury Warrior, Protection Warrior"
221049,Voidstone Monstrosity,Chest,Leather,Jerkin of Awakened Stone,Soulbound,437,{},68,"{'Mastery': 532, 'Versatility': 314}","55 gold, 27 silver, 78 copper",False,"102, 103, 104, 105, 259, 260, 261, 268, 269, 270, 577, 581","Balance Druid, Feral Druid, Guardian Druid, Restoration Druid, Assassination Rogue, Outlaw Rogue, Subtlety Rogue, Brewmaster Monk, Windwalker Monk, Mistweaver Monk, Havoc Demon Hunter, Vengeance Demon Hunter"
